Date,Close,Daily_Return,Pred_Action,Cum_Buy_Hold,Cum_Strategy
2024-01-01,95.0,0.0,HOLD,0.0,0.0
2024-01-02,95.33241598288554,0.0034991156093213,HOLD,0.0034991156093213,0.0
2024-01-03,95.02253355351468,-0.0032505462719678,HOLD,0.0002371953001545,0.0
2024-01-04,95.34223532623096,0.0033644837783264,HOLD,0.0036024771182205,0.0
2024-01-05,95.70624333150096,0.0038179092825385,HOLD,0.0074341403315889,0.0
2024-01-08,95.27496756424765,-0.0045062448617848,HOLD,0.002894395413133,0.0
2024-01-09,95.84332984019149,0.0059654943000697,HOLD,0.008877156212542,0.0
2024-01-10,96.13230543202664,0.0030150829725656,HOLD,0.0119190045476489,0.0
2024-01-11,96.29466275494752,0.0016888945104482,HOLD,0.0136280289994477,0.0
2024-01-12,96.0570574784474,-0.0024674812674174,HOLD,0.0111269208257622,0.0
2024-01-15,95.78541689496647,-0.0028279086473357,HOLD,0.0082675462628052,0.0
2024-01-16,95.38124506225066,-0.0042195549783847,HOLD,0.0040131059184282,0.0
2024-01-17,95.84582788266344,0.0048707984479503,HOLD,0.0089034513964576,0.0
2024-01-18,94.95398186366133,-0.0093050061614985,HOLD,-0.0004844014351435,0.0
2024-01-19,95.1382114902949,0.0019401990629324,HOLD,0.0014548577925783,0.0
2024-01-22,95.12428826632323,-0.0001463473377686,HOLD,0.0013082975402449,0.0
2024-01-23,94.91005311518332,-0.0022521603582474,HOLD,-0.0009468093138594,0.0
2024-01-24,95.5486246347112,0.0067281757681971,HOLD,0.0057749961548549,0.0
2024-01-25,95.90454939487978,0.003725064191445,HOLD,0.0095215725776822,0.0
2024-01-26,95.8292431694218,-0.0007852205753859,HOLD,0.0087288754675982,0.0
2024-01-29,95.69869819881606,-0.0013622665304258,HOLD,0.0073547178822745,0.0
2024-01-30,95.60530421830104,-0.0009759169379816,HOLD,0.0063716233505375,0.0
2024-01-31,95.9592667454102,0.0037023314763053,HOLD,0.0100975446885287,0.0
2024-02-01,96.03679355987047,0.000807913785606,HOLD,0.0109136164196894,0.0
2024-02-02,95.4093789386311,-0.0065330650679027,HOLD,0.0043092519855907,0.0
2024-02-05,95.70263030217292,0.0030736114919105,HOLD,0.0073961084439257,0.0
2024-02-06,95.11419327198108,-0.0061485983021981,HOLD,0.0012020344419063,0.0
2024-02-07,95.0163421975766,-0.0010287746869142,HOLD,0.0001720231323856,0.0
2024-02-08,95.59414111711529,0.0060810478089885,HOLD,0.0062541170222665,0.0
2024-02-09,95.42455642236663,-0.0017740072013502,HOLD,0.0044690149722808,0.0
2024-02-12,95.76899397099494,0.0036095273747331,HOLD,0.0080946733788944,0.0
2024-02-13,96.2786253908954,0.0053214657350875,HOLD,0.0134592146410044,0.0
2024-02-14,95.56151157674849,-0.0074483179546384,HOLD,0.0059106481763,0.0
2024-02-15,95.379114700423,-0.0019086855504477,HOLD,0.0039906810570844,0.0
2024-02-16,95.527227413836,0.0015528841285454,HOLD,0.0055497622509055,0.0
2024-02-19,95.79689842169486,0.0028229753459776,HOLD,0.0083884044388935,0.0
2024-02-20,95.76677741864302,-0.0003144256604139,HOLD,0.0080713412488739,0.0
2024-02-21,95.59547305539252,-0.0017887660822254,HOLD,0.0062681374251845,0.0
2024-02-22,95.67630152661992,0.0008455261388848,HOLD,0.0071189634381045,0.0
2024-02-23,95.91985599390844,0.0025456091362472,HOLD,0.0096826946727204,0.0
2024-02-26,95.81957519595164,-0.0010454644340079,HOLD,0.0086271073258068,0.0
2024-02-27,95.5039871786694,-0.0032935651889174,HOLD,0.0053051281965201,0.0
2024-02-28,95.8669820763914,0.0038008350064264,HOLD,0.0091261271199096,0.0
2024-02-29,96.07334332159051,0.0021525789247718,HOLD,0.0112983507535846,0.0
2024-03-01,96.34049552327818,0.0027807109907003,HOLD,0.0141104791924022,0.0
2024-03-04,96.25709791274456,-0.0008656547807922,HOLD,0.0132326096078378,0.0
2024-03-05,96.42366793311578,0.0017304700015183,BUY,0.0149859782433243,0.0
2024-03-06,98.54900619892004,0.0220416658208697,BUY,0.0373579599886322,0.0220416658208697
2024-03-07,100.2614206407918,0.017376273063731,BUY,0.0553833751662296,0.0398009408886836
2024-03-08,102.74328139051906,0.024753895704501,BUY,0.0815082251633587,0.0655400649328841
2024-03-11,104.72202664760236,0.0192591206967807,BUY,0.1023371226063409,0.086061429650682
2024-03-12,106.44928085901704,0.0164937049702735,BUY,0.1205187458843901,0.1039746064509339
2024-03-13,105.98660916143862,-0.0043464051033955,BUY,0.1156485174888277,0.0991762855874365
2024-03-14,105.00814023189078,-0.0092320052249,BUY,0.1053488445462189,0.089028684375807
2024-03-15,104.98440697914876,-0.0002260134565721,BUY,0.105099020833145,0.088782549238545
2024-03-18,107.48460168038656,0.023814914739999,BUY,0.1314168597935427,0.1147118128190598
2024-03-19,109.8720240346546,0.0222117616564949,BUY,0.1565476214174168,0.1394715259210761
2024-03-20,113.05812895586124,0.0289983273649505,BUY,0.1900855679564339,0.1725142942527753
2024-03-21,115.59983393818872,0.0224813996640593,BUY,0.2168403572440915,0.1988740567136944
2024-03-22,118.28755784801275,0.0232502402318428,HOLD,0.2451321878738181,0.2267481665400117
2024-03-25,118.62330546088182,0.0028384017641185,HOLD,0.2486663732724399,0.230230170700048
2024-03-26,118.43484057376212,-0.0015887677921928,HOLD,0.2466825323553902,0.2282756206278557
2024-03-27,118.548747866417,0.0009617718240937,HOLD,0.2478815564885994,0.2294569415119969
2024-03-28,118.24808930960144,-0.0025361596999265,HOLD,0.2447167295747514,0.2263388423641392
2024-03-29,118.46645793584156,0.0018466989827494,HOLD,0.2470153466930684,0.2286035210568393
2024-04-01,118.65553330429154,0.0015960244928769,HOLD,0.2490056137293841,0.2305644023684809
2024-04-02,118.4295596955921,-0.001904450659877,HOLD,0.2466269441641269,0.2282208531803691
2024-04-03,118.05119970327608,-0.0031948104281444,HOLD,0.2426442074029056,0.224296920390564
2024-04-04,118.6242069438825,0.0048538874831147,HOLD,0.2486758625671836,0.2302395198880638
2024-04-05,118.37332555046122,-0.002114925780199,HOLD,0.2460350057943281,0.227637654611633
2024-04-08,118.06400841270344,-0.0026130645254696,HOLD,0.2427790359231936,0.2244297582062366
2024-04-09,118.70461641301269,0.0054259380900396,HOLD,0.2495222780317121,0.231073438269866
2024-04-10,118.87599633054236,0.0014437510747971,HOLD,0.2513262771636033,0.2328508018695223
2024-04-11,118.58753653363732,-0.0024265604984118,HOLD,0.2482898582488133,0.2298592148132703
2024-04-12,118.4246298305564,-0.0013737253327184,HOLD,0.2465750508479613,0.2281697260542041
2024-04-15,118.48370579218462,0.0004988486070232,HOLD,0.2471969030756267,0.2287823968112343
2024-04-16,117.8599606511553,-0.0052643959509786,HOLD,0.2406311647490022,0.2223135997368275
2024-04-17,118.0404419607458,0.0015313199545745,HOLD,0.2425309680078495,0.2241853529428523
2024-04-18,117.7724741036458,-0.0022701360029565,HOLD,0.2397102537225865,0.2214062856988448
2024-04-19,117.13998985032154,-0.0053703911558115,HOLD,0.2330525247402259,0.2148468561844752
2024-04-22,117.04320453483764,-0.0008262363314831,SELL,0.2320337319456584,0.2138431055747074
2024-04-23,117.1670722371548,0.0010583075096879,SELL,0.2333376024963653,0.2138431055747074
2024-04-24,116.81983846840656,-0.0029635780950932,SELL,0.2296825101937523,0.2138431055747074
2024-04-25,116.9491283667729,0.0011067460806437,SELL,0.2310434564923453,0.2138431055747074
2024-04-26,116.6700470388955,-0.0023863480795012,HOLD,0.2281057583041623,0.2138431055747074
2024-04-29,116.80080733666156,0.0011207700783943,HOLD,0.2294821824911734,0.2138431055747074
2024-04-30,117.03827644550432,0.0020331118787415,HOLD,0.2319818573210974,0.2138431055747074
2024-05-01,117.06015324948156,0.0001869200798374,HOLD,0.2322121394682261,0.2138431055747074
2024-05-02,116.55028914452848,-0.0043555735303578,HOLD,0.2268451488897727,0.2138431055747074
2024-05-03,116.63224074954384,0.0007031437297744,HOLD,0.2277077973636188,0.2138431055747074
2024-05-06,115.6172369619808,-0.0087026004219764,HOLD,0.2170235469682184,0.2138431055747074
2024-05-07,114.71089872155756,-0.0078391273156032,SELL,0.2074831444374476,0.2138431055747074
2024-05-08,115.1216325746815,0.0035806000798663,HOLD,0.2118066586808575,0.2138431055747074
2024-05-09,114.0990943713222,-0.0088822420294983,HOLD,0.2010430986454965,0.2138431055747074
2024-05-10,113.92207873739756,-0.0015514201484243,HOLD,0.1991797761831319,0.2138431055747074
2024-05-13,114.39988831526986,0.0041941788911148,HOLD,0.204209350687051,0.2138431055747074
2024-05-14,115.15071060063966,0.0065631382724835,HOLD,0.2121127431646277,0.2138431055747074
2024-05-15,115.26073945687736,0.0009555204276532,HOLD,0.2132709416513403,0.2138431055747074
2024-05-16,114.98932493218628,-0.0023547872933143,HOLD,0.2104139466545922,0.2138431055747074
2024-05-17,114.84349618150068,-0.0012681938151354,HOLD,0.2088789071736911,0.2138431055747074
2024-05-20,113.90560214342705,-0.0081667144353684,HOLD,0.1990063383518634,0.2138431055747074
2024-05-21,113.9991153120314,0.0008209707586339,HOLD,0.199990687495067,0.2138431055747074
2024-05-22,113.9756099133254,-0.0002061893080632,HOLD,0.1997432622455299,0.2138431055747074
2024-05-23,114.35098416419711,0.0032934612164583,HOLD,0.2036945701494428,0.2138431055747074
2024-05-24,114.21480405541946,-0.001190895817583,HOLD,0.2022610953202044,0.2138431055747074
2024-05-27,113.74357220825902,-0.0041258385990995,HOLD,0.1973007600869365,0.2138431055747074
2024-05-28,114.24954991546348,0.0044484070385799,HOLD,0.2026268412154044,0.2138431055747074
2024-05-29,114.64955409974247,0.0035011445084462,HOLD,0.2068374115762359,0.2138431055747074
2024-05-30,115.8713043817336,0.0106563893037754,HOLD,0.219697940860353,0.2138431055747074
2024-05-31,114.8074906206968,-0.0091809940926539,HOLD,0.208499901270492,0.2138431055747074
2024-06-03,115.31531114189671,0.004423235090798,HOLD,0.2138453804410176,0.2138431055747074
2024-06-04,114.9675479413755,-0.0030157591136643,SELL,0.2101847151723732,0.2138431055747074
2024-06-05,115.39931450017755,0.0037555516015894,SELL,0.2147296263176579,0.2138431055747074
2024-06-06,115.6200614634814,0.0019128966602615,HOLD,0.2170532785629617,0.2138431055747074
2024-06-07,115.61469266944285,-4.64347966140366e-05,HOLD,0.2169967649415032,0.2138431055747074
2024-06-10,115.90197496878883,0.002484825178469,HOLD,0.2200207891451453,0.2138431055747074
2024-06-11,116.45288413159288,0.0047532336092841,HOLD,0.2258198329641354,0.2138431055747074
2024-06-12,116.62792571105868,0.0015031107281808,HOLD,0.2276623759058806,0.2138431055747074
2024-06-13,117.05934590192958,0.0036991156984109,HOLD,0.2322036410729426,0.2138431055747074
2024-06-14,116.3817210386641,-0.0057887292812415,HOLD,0.2250707477754112,0.2138431055747074
2024-06-17,115.82029209398536,-0.00482403026582,HOLD,0.219160969410372,0.2138431055747074
2024-06-18,116.9818888884514,0.0100293029266704,HOLD,0.2313883040889619,0.2138431055747074
2024-06-19,117.49826857434677,0.0044141848862413,SELL,0.2368238797299657,0.2138431055747074
2024-06-20,117.48327208525043,-0.0001276315751567,SELL,0.2366660219500043,0.2138431055747074
2024-06-21,117.5532110522101,0.0005953100021671,SELL,0.2374022216022113,0.2138431055747074
2024-06-24,117.86249776891748,0.0026310358852725,HOLD,0.2406578712517628,0.2138431055747074
2024-06-25,117.33071303672762,-0.0045119078778772,HOLD,0.2350601372287115,0.2138431055747074
2024-06-26,118.44160157414812,0.0094680114751606,HOLD,0.2467537007805065,0.2138431055747074
2024-06-27,118.1092126281522,-0.0028063530176754,HOLD,0.2432548697700232,0.2138431055747074
2024-06-28,118.14964118220828,0.0003422980575051,HOLD,0.2436804334969293,0.2138431055747074
2024-07-01,117.84634567832488,-0.0025670454928904,HOLD,0.2404878492455251,0.2138431055747074
2024-07-02,118.091336775455,0.0020789027926149,HOLD,0.2430667028995266,0.2138431055747074
2024-07-03,117.35027281253988,-0.006275345704014,HOLD,0.2352660296056832,0.2138431055747074
2024-07-04,117.14044660091868,-0.001788033436926,HOLD,0.2330573326412495,0.2138431055747074
2024-07-05,117.99468920254272,0.0072924649547763,HOLD,0.2420493600267657,0.2138431055747074
2024-07-08,118.53887206375592,0.0046119267306945,HOLD,0.2477776006711152,0.2138431055747074
2024-07-09,118.40574267284772,-0.0011230863647545,HOLD,0.2463762386615553,0.2138431055747074
2024-07-10,118.54721870827076,0.0011948409952879,HOLD,0.2478654600870611,0.2138431055747074
2024-07-11,116.19376699423933,-0.01985244141259,SELL,0.2230922841498881,0.2138431055747074
2024-07-12,113.37430004873156,-0.0242652167878123,SELL,0.1934136847234904,0.2138431055747074
2024-07-15,107.49349390773352,-0.0518707161893858,SELL,0.1315104621866689,0.2138431055747074
2024-07-16,103.09616271045375,-0.0409078823045252,SELL,0.0852227653731978,0.2138431055747074
2024-07-17,98.65205659209346,-0.043106416393417,SELL,0.0384427009694052,0.2138431055747074
2024-07-18,96.7650514273757,-0.0191278847081733,HOLD,0.0185794887092183,0.2138431055747074
2024-07-19,94.00489730891957,-0.0285242872063958,HOLD,-0.0104747651692672,0.2138431055747074
2024-07-22,93.72135493547933,-0.0030162510843287,HOLD,-0.0134594217317961,0.2138431055747074
2024-07-23,93.55271392208736,-0.001799387274203,HOLD,-0.0152345902938169,0.2138431055747074
2024-07-24,93.73428274786322,0.0019408183703475,HOLD,-0.0133233394961763,0.2138431055747074
2024-07-25,93.36401760698652,-0.0039501570825765,HOLD,-0.0172208672948784,0.2138431055747074
2024-07-26,94.1319759190574,0.0082254205823015,HOLD,-0.0091370955888693,0.2138431055747074
2024-07-29,93.85492069871682,-0.0029432636214797,BUY,-0.0120534663292963,0.2138431055747074
2024-07-30,93.7781595658064,-0.0008178700950249,BUY,-0.0128614782546692,0.2128503395986056
2024-07-31,94.18261202970642,0.0043128641655225,BUY,-0.0086040838978268,0.2180811983664023
2024-08-01,94.24249515548308,0.0006358193352906,BUY,-0.0079737352054408,0.2188556779442778
2024-08-02,95.072843840271,0.0088107671960298,BUY,0.0007667772660109,0.2295947315682038
2024-08-05,96.24571401300868,0.0123365424380086,BUY,0.0131127790843021,0.2447636791557468
2024-08-06,98.52238611945654,0.0236547895123946,BUY,0.0370777486258584,0.2742083019788499
2024-08-07,100.94630292333652,0.0246027009632208,BUY,0.0625926623509107,0.3055572677972888
2024-08-08,103.616601350539,0.02645266195861,BUY,0.0907010668477787,0.340092732869937
2024-08-09,106.41633210468248,0.0270200983013511,HOLD,0.1201719168913943,0.3763021702450089
2024-08-12,106.23756852688962,-0.0016798509613826,HOLD,0.1182901950198904,0.3739901877211697
2024-08-13,106.246536255288,8.441202601616737e-05,SELL,0.1183845921609261,0.3741061690166416
2024-08-14,106.99092502633376,0.0070062403658708,SELL,0.1262202634350919,0.3741061690166416
2024-08-15,106.5544869775894,-0.0040792062376966,HOLD,0.1216261787114671,0.3741061690166416
2024-08-16,105.67429419246317,-0.0082604947956003,HOLD,0.1123609914996119,0.3741061690166416
2024-08-19,105.47736644832456,-0.0018635349840137,HOLD,0.1102880678771003,0.3741061690166416
2024-08-20,105.17224203365308,-0.0028927951554513,HOLD,0.1070762319331899,0.3741061690166416
2024-08-21,104.55673578792788,-0.0058523640251793,HOLD,0.100597218820293,0.3741061690166416
2024-08-22,104.67222452189256,0.0011045556567386,HOLD,0.1018128897041317,0.3741061690166416
2024-08-23,104.70407159898076,0.0003042552810323,HOLD,0.1021481220945337,0.3741061690166416
2024-08-26,104.2424697884068,-0.0044086328594928,HOLD,0.0972891556674393,0.3741061690166416
2024-08-27,105.2376675641815,0.0095469512358521,HOLD,0.1077649217282257,0.3741061690166416
2024-08-28,104.5918714840977,-0.0061365487760355,HOLD,0.1009670682536592,0.3741061690166416
2024-08-29,103.90439537893428,-0.0065729400899756,HOLD,0.0937304776729917,0.3741061690166416
2024-08-30,103.70141338275909,-0.0019535458094427,HOLD,0.0915938250816739,0.3741061690166416
2024-09-02,104.21584651929388,0.0049607148037225,HOLD,0.0970089107294085,0.3741061690166416
2024-09-03,104.27697082701548,0.0005865164441214,HOLD,0.097652324494899,0.3741061690166416
2024-09-04,103.8827597976838,-0.0037804227165902,HOLD,0.0935027347124604,0.3741061690166416
2024-09-05,102.8709095154043,-0.0097403099826199,HOLD,0.0828516791095184,0.3741061690166416
2024-09-06,102.73170594398056,-0.0013531869415707,HOLD,0.0813863783576895,0.3741061690166416
2024-09-09,102.94568339961512,0.0020828764953173,HOLD,0.0836387726275271,0.3741061690166416
2024-09-10,103.17892600027125,0.002265686068164,HOLD,0.0860939578975916,0.3741061690166416
2024-09-11,103.21415879499244,0.0003414727802177,HOLD,0.0864648294209726,0.3741061690166416
2024-09-12,103.42294640804457,0.0020228582540389,HOLD,0.0886625937688898,0.3741061690166416
2024-09-13,103.08179733502516,-0.0032985820349136,HOLD,0.0850715508950012,0.3741061690166416
2024-09-16,103.01251242258846,-0.0006721352773032,HOLD,0.0843422360272465,0.3741061690166416
2024-09-17,102.74737694583392,-0.0025738181752802,HOLD,0.0815513362719355,0.3741061690166416
2024-09-18,103.43428538588792,0.0066854109610614,SELL,0.0887819514303986,0.3741061690166416
2024-09-19,103.03685704712154,-0.0038423269159125,SELL,0.0845984952328577,0.3741061690166416
2024-09-20,103.91832261394444,0.0085548568937789,HOLD,0.0938770801467829,0.3741061690166416
2024-09-23,104.22942831112088,0.0029937521059899,HOLD,0.0971518769591666,0.3741061690166416
2024-09-24,104.21652822391934,-0.0001237662665004,HOLD,0.0970160865675713,0.3741061690166416
2024-09-25,103.93482697669651,-0.0027030381075213,HOLD,0.0940508102810151,0.3741061690166416
2024-09-26,104.0186118488321,0.0008061289422685,HOLD,0.0949327563034949,0.3741061690166416
2024-09-27,104.12272501843042,0.0010009090464466,HOLD,0.0960286844045299,0.3741061690166416
2024-09-30,104.86971122032176,0.00717409385664,HOLD,0.1038916970560177,0.3741061690166416
2024-10-01,105.12653726358276,0.0024490011488773,HOLD,0.1065951290903441,0.3741061690166416
2024-10-02,105.52039583022606,0.003746518975088,HOLD,0.1107410087392211,0.3741061690166416
2024-10-03,105.50113348581668,-0.0001825461727832,HOLD,0.1105382472191223,0.3741061690166416
2024-10-04,104.93200203572312,-0.0053945529426001,HOLD,0.1045473898497164,0.3741061690166416
2024-10-07,105.37737288050458,0.0042443757494481,HOLD,0.1092355040053107,0.3741061690166416
2024-10-08,104.97007526912968,-0.0038651334744961,HOLD,0.1049481607276803,0.3741061690166416
2024-10-09,104.85417877768975,-0.0011040907719918,HOLD,0.1037281976598916,0.3741061690166416
2024-10-10,105.20885379199906,0.0033825548818735,HOLD,0.1074616188631476,0.3741061690166416
2024-10-11,105.3968121623465,0.0017865261674558,HOLD,0.1094401280246997,0.3741061690166416
2024-10-14,105.62670625540932,0.0021812243496386,HOLD,0.1118600658464132,0.3741061690166416
2024-10-15,105.42838675939836,-0.0018775506975613,HOLD,0.1097724922041927,0.3741061690166416
2024-10-16,105.18601556112192,-0.0022989178315852,HOLD,0.1072212164328616,0.3741061690166416
2024-10-17,105.7735959128717,0.005586107132353,HOLD,0.1134062727670699,0.3741061690166416
2024-10-18,105.66151625213745,-0.0010596185160101,HOLD,0.1122264868646041,0.3741061690166416
2024-10-21,106.3086657303238,0.0061247415439513,HOLD,0.1190385866349867,0.3741061690166416
2024-10-22,105.30574705824372,-0.0094340255819238,HOLD,0.1084815479815124,0.3741061690166416
2024-10-23,105.69465177574423,0.0036931005986349,HOLD,0.1125752818499388,0.3741061690166416
2024-10-24,105.56748846838512,-0.0012031196018216,HOLD,0.111236720719843,0.3741061690166416
2024-10-25,106.36269169027835,0.0075326526512125,HOLD,0.1196072809502979,0.3741061690166416
2024-10-28,104.18662625201952,-0.0204589165963888,SELL,0.096701328968626,0.3741061690166416
2024-10-29,101.80840430866276,-0.0228265568135782,SELL,0.0716674137753969,0.3741061690166416
2024-10-30,99.72438750794672,-0.0204699878646336,SELL,0.0497303948204912,0.3741061690166416
2024-10-31,97.71294347437168,-0.0201700314621109,SELL,0.0285572997302276,0.3741061690166416
2024-11-01,95.56071952410406,-0.0220259862587407,HOLD,0.0059023107800422,0.3741061690166416
2024-11-04,95.76045066002014,0.0020900966098911,HOLD,0.0080047437896852,0.3741061690166416
2024-11-05,95.8553945436796,0.0009914728158133,HOLD,0.0090041530913635,0.3741061690166416
2024-11-06,95.9916626260856,0.0014216005583693,HOLD,0.0104385539587952,0.3741061690166416
2024-11-07,95.66204024236684,-0.0034338647201344,HOLD,0.0069688446564923,0.3741061690166416
2024-11-08,95.02142802873928,-0.0066966187633519,HOLD,0.000225558197255,0.3741061690166416
2024-11-11,94.64130041684196,-0.0040004409508805,HOLD,-0.0037757850858747,0.3741061690166416
2024-11-12,94.99558163926552,0.0037434103384375,HOLD,-4.650906036340885e-05,0.3741061690166416
2024-11-13,94.69260877044007,-0.0031893364259397,HOLD,-0.0032356971532627,0.3741061690166416
2024-11-14,95.5135487229174,0.0086695251417934,HOLD,0.0054057760307091,0.3741061690166416
2024-11-15,94.9399932829469,-0.0060049641924034,HOLD,-0.0006316496531909,0.3741061690166416
2024-11-18,95.09542843762851,0.0016371936557693,HOLD,0.0010045098697735,0.3741061690166416
2024-11-19,94.9243625490112,-0.0017988865650834,HOLD,-0.000796183694619,0.3741061690166416
2024-11-20,95.44795301770417,0.0055158702637863,HOLD,0.0047152949232016,0.3741061690166416
2024-11-21,96.13832979727962,0.00723301818162,HOLD,0.0119824189187329,0.3741061690166416
2024-11-22,95.91436305821844,-0.0023296300188847,HOLD,0.0096248742970361,0.3741061690166416
2024-11-25,95.89305917380402,-0.0002221135994145,HOLD,0.0094006228821474,0.3741061690166416
2024-11-26,96.26167760527754,0.0038440574807965,HOLD,0.0132808168976583,0.3741061690166416
2024-11-27,96.45386120929489,0.0019964705456869,HOLD,0.0153038022031042,0.3741061690166416
2024-11-28,96.17746185475752,-0.0028656121286591,HOLD,0.0123943353132374,0.3741061690166416
2024-11-29,96.10075159694932,-0.0007975907902835,HOLD,0.0115868589152563,0.3741061690166416
2024-12-02,95.72144280001103,-0.0039469909510087,HOLD,0.0075941347369585,0.3741061690166416
2024-12-03,95.19415138192038,-0.0055086029072118,HOLD,0.0020436987570569,0.3741061690166416
2024-12-04,96.28095420637302,0.0114166974407112,HOLD,0.0134837284881375,0.3741061690166416
2024-12-05,95.65426396300587,-0.0065089741635077,HOLD,0.0068869890842726,0.3741061690166416
2024-12-06,95.54115773504478,-0.001182448364297,HOLD,0.005696397210998,0.3741061690166416
2024-12-09,95.77744658907108,0.002473162976333,HOLD,0.0081836483060118,0.3741061690166416
2024-12-10,94.82329074404592,-0.0099622184450053,HOLD,-0.001860097431095,0.3741061690166416
2024-12-11,94.3700004280815,-0.004780368962178,HOLD,-0.0066315744412468,0.3741061690166416
2024-12-12,93.8821597088354,-0.005169447038605,HOLD,-0.0117667399069952,0.3741061690166416
2024-12-13,93.50974881678717,-0.0039667908493288,HOLD,-0.0156868545601346,0.3741061690166416
2024-12-16,93.12094826881126,-0.0041578611096226,HOLD,-0.0197794919072494,0.3741061690166416
2024-12-17,92.91371851895995,-0.0022253827275587,HOLD,-0.0219608576951579,0.3741061690166416
2024-12-18,92.63696337650848,-0.0029786251897238,HOLD,-0.024874069720963,0.3741061690166416
2024-12-19,93.3174394744532,0.0073456218030272,HOLD,-0.0177111634268081,0.3741061690166416
2024-12-20,92.32727238121066,-0.0106107400590819,HOLD,-0.0281339749346242,0.3741061690166416
2024-12-23,92.17969470031606,-0.0015984191570749,HOLD,-0.0296874242071989,0.3741061690166416
2024-12-24,92.7337187137381,0.0060102608847123,HOLD,-0.023855592486967,0.3741061690166416
2024-12-25,92.81021574644126,0.0008249106556299,HOLD,-0.0230503605637759,0.3741061690166416
2024-12-26,93.87939631041311,0.0115200741143934,HOLD,-0.0117958283114406,0.3741061690166416
2024-12-27,93.97480157488168,0.0010162534935047,HOLD,-0.0107915623696661,0.3741061690166416
2024-12-30,93.49144982885586,-0.0051434186390983,HOLD,-0.0158794754857274,0.3741061690166416
2024-12-31,93.23433133893104,-0.0027501818657802,HOLD,-0.0185859859059887,0.3741061690166416
2025-01-01,93.00305877228712,-0.002480551566388,HOLD,-0.0210204339759247,0.3741061690166416
2025-01-02,93.18908980270383,0.0020002678715353,HOLD,-0.0190622126031171,0.3741061690166416
2025-01-03,93.22672649337332,0.0004038744315366,HOLD,-0.0186660369118594,0.3741061690166416
2025-01-06,93.33092690149304,0.0011177096100991,HOLD,-0.0175691905105991,0.3741061690166416
2025-01-07,92.98036604595912,-0.0037561060108609,HOLD,-0.0212593047793773,0.3741061690166416
2025-01-08,92.8750284959936,-0.001132901003137,HOLD,-0.0223681210948037,0.3741061690166416
2025-01-09,93.57141403446596,0.0074980923263177,SELL,-0.0150377470056212,0.3741061690166416
2025-01-10,91.42521127003651,-0.0229365216564849,SELL,-0.0376293550522469,0.3741061690166416
2025-01-13,89.29282896828707,-0.023323788615059,SELL,-0.0600754845443464,0.3741061690166416
2025-01-14,87.1248337314248,-0.0242796119454592,SELL,-0.0828964870376335,0.3741061690166416
2025-01-15,85.11287557617518,-0.0230928206009755,SELL,-0.1040749939349978,0.3741061690166416
2025-01-16,83.14468707583877,-0.0231244507603893,HOLD,-0.1247927676227496,0.3741061690166416
2025-01-17,83.47563612402364,0.0039803992272289,HOLD,-0.12130909343133,0.3741061690166416
2025-01-20,82.83077394048343,-0.0077251544700074,HOLD,-0.1280971164159638,0.3741061690166416
2025-01-21,82.87001794670005,0.0004737853378602,HOLD,-0.1276840216136837,0.3741061690166416
2025-01-22,83.31686507253896,0.0053921446731954,HOLD,-0.1229803676574846,0.3741061690166416
2025-01-23,83.1533403680433,-0.0019626843179143,HOLD,-0.1247016803363862,0.3741061690166416
2025-01-24,83.13551908020912,-0.0002143183635835,HOLD,-0.124889272839904,0.3741061690166416
2025-01-27,83.03585006663678,-0.0011988740152831,HOLD,-0.1259384203511918,0.3741061690166416
2025-01-28,83.09004945958556,0.0006527228047317,HOLD,-0.1253679004254152,0.3741061690166416
2025-01-29,83.20836717724777,0.0014239697584939,HOLD,-0.1241224507658129,0.3741061690166416
2025-01-30,83.5596137129296,0.0042212886467729,HOLD,-0.1204251188112673,0.3741061690166416
2025-01-31,83.7950352520968,0.0028174081796976,HOLD,-0.1179469973463496,0.3741061690166416
2025-02-03,84.1290145369494,0.0039856691252391,HOLD,-0.1144314259268485,0.3741061690166416
2025-02-04,83.92833915071334,-0.0023853290965142,HOLD,-0.1165437984135437,0.3741061690166416
2025-02-05,84.24376863041509,0.0037583190957146,HOLD,-0.1132234881008938,0.3741061690166416
2025-02-06,84.34173313763175,0.0011628694775804,HOLD,-0.1121922827617711,0.3741061690166416
2025-02-07,84.12389580231822,-0.0025827941543251,HOLD,-0.1144853073440188,0.3741061690166416
2025-02-10,83.95212724075104,-0.0020418521982245,HOLD,-0.1162933974657786,0.3741061690166416
2025-02-11,83.87150429728928,-0.0009603442594201,HOLD,-0.117142060028534,0.3741061690166416
2025-02-12,84.13368065034234,0.0031259288270752,HOLD,-0.1143823089437648,0.3741061690166416
2025-02-13,83.81857068862051,-0.0037453485843728,HOLD,-0.1176992559092579,0.3741061690166416
2025-02-14,83.86947579470849,0.0006073249122451,HOLD,-0.1171634126872791,0.3741061690166416
2025-02-17,83.49086185721991,-0.0045143234043256,HOLD,-0.12114882255558,0.3741061690166416
2025-02-18,83.52868904047716,0.0004530697421945,HOLD,-0.1207506416791879,0.3741061690166416
2025-02-19,83.64982379568798,0.0014502173636667,HOLD,-0.1194755389927582,0.3741061690166416
2025-02-20,83.90710170463247,0.0030756539257379,HOLD,-0.116767350477553,0.3741061690166416
2025-02-21,84.4318462433768,0.0062538751557825,HOLD,-0.1112437237539285,0.3741061690166416
2025-02-24,84.21747882622377,-0.0025389403014486,HOLD,-0.1135002228818551,0.3741061690166416
2025-02-25,84.1055304609312,-0.0013292770913215,HOLD,-0.1146786267270399,0.3741061690166416
2025-02-26,83.71313842714724,-0.0046654724324726,HOLD,-0.1188090691879237,0.3741061690166416
2025-02-27,83.22357237106772,-0.0058481388379146,HOLD,-0.123962396094024,0.3741061690166416
2025-02-28,83.29871166369236,0.0009028606978034,HOLD,-0.1231714561716594,0.3741061690166416
2025-03-03,83.9482119549391,0.0077972429377901,HOLD,-0.1163346110006411,0.3741061690166416
2025-03-04,83.97393279685505,0.000306389395521,HOLD,-0.1160638652962626,0.3741061690166416
2025-03-05,84.67278406119769,0.0083222404985277,HOLD,-0.1087075361979191,0.3741061690166416
2025-03-06,84.87536848897008,0.0023925565932256,HOLD,-0.1065750685371571,0.3741061690166416
2025-03-07,85.36324008184567,0.0057480939589558,HOLD,-0.101439578085835,0.3741061690166416
2025-03-10,85.21162374220404,-0.0017761314998853,HOLD,-0.103035539555747,0.3741061690166416
2025-03-11,84.95088289605303,-0.0030599211081794,HOLD,-0.1057801800415472,0.3741061690166416
2025-03-12,85.10398607154436,0.0018022552594145,HOLD,-0.1041685676679543,0.3741061690166416
2025-03-13,85.46744604243422,0.0042707749386063,HOLD,-0.1003426732375347,0.3741061690166416
2025-03-14,85.46492171906345,-2.9535495532528877e-05,HOLD,-0.1003692450624901,0.3741061690166416
2025-03-17,85.56097031045732,0.0011238364168821,HOLD,-0.0993582072583441,0.3741061690166416
2025-03-18,85.90575034394975,0.0040296414620053,HOLD,-0.0957289437478975,0.3741061690166416
2025-03-19,86.39899722811546,0.0057417213887411,HOLD,-0.0905368712829952,0.3741061690166416
2025-03-20,85.9927293247915,-0.0047022293817984,HOLD,-0.0948133755285106,0.3741061690166416
2025-03-21,86.37095082928771,0.0043982963148858,HOLD,-0.0908320965338137,0.3741061690166416
2025-03-24,86.36772838281726,-3.7309378205341304e-05,HOLD,-0.0908660170229763,0.3741061690166416
2025-03-25,86.22088785952823,-0.0017001781341078,HOLD,-0.0924117067418082,0.3741061690166416
2025-03-26,86.38873511155282,0.0019467121737142,HOLD,-0.0906448935626019,0.3741061690166416
2025-03-27,86.41745882133411,0.000332493695436,HOLD,-0.0903425387227989,0.3741061690166416
2025-03-28,86.21947992529539,-0.0022909594743816,HOLD,-0.0924265271021539,0.3741061690166416
2025-03-31,85.93312078952718,-0.0033212811770184,HOLD,-0.0954408337944507,0.3741061690166416
2025-04-01,86.49299123952132,0.0065151881469009,HOLD,-0.0895474606366177,0.3741061690166416
2025-04-02,86.69231971425194,0.0023045621601711,SELL,-0.0874492661657692,0.3741061690166416
2025-04-03,86.8977521974288,0.0023696733903764,SELL,-0.0852868189744338,0.3741061690166416
2025-04-04,87.21933824263834,0.0037007406644871,SELL,-0.0819017027090701,0.3741061690166416
2025-04-07,87.9336108337884,0.0081893832897814,SELL,-0.0743830438548589,0.3741061690166416
2025-04-08,86.18113169963546,-0.0199295709289758,SELL,-0.0928301926354162,0.3741061690166416
2025-04-09,84.78258170316793,-0.016228030067438,SELL,-0.1075517715456007,0.3741061690166416
2025-04-10,82.84443303795547,-0.022860222303658,SELL,-0.127953336442574,0.3741061690166416
2025-04-11,80.8802977545796,-0.0237087177900775,SELL,-0.1486284446886356,0.3741061690166416
2025-04-14,79.22415456474822,-0.0204764724637479,SELL,-0.166061530897387,0.3741061690166416
2025-04-15,79.13486641317303,-0.0011270319268881,SELL,-0.1670014061771259,0.3741061690166416
2025-04-16,78.81340239277901,-0.0040622298989627,SELL,-0.1703852379707471,0.3741061690166416
2025-04-17,76.44011360255384,-0.0301127564370018,SELL,-0.1953672252362752,0.3741061690166416
2025-04-18,74.99695814532005,-0.0188795566780211,SELL,-0.2105583353124204,0.3741061690166416
2025-04-21,73.12903133272928,-0.0249067010020769,SELL,-0.2302207228133758,0.3741061690166416
2025-04-22,72.167513574144,-0.0131482359476428,SELL,-0.2403419623774314,0.3741061690166416
2025-04-23,70.65556778096895,-0.0209505041575485,HOLD,-0.2562571812529581,0.3741061690166416
2025-04-24,70.06388202937723,-0.0083742268327096,HOLD,-0.2624854523223446,0.3741061690166416
2025-04-25,70.00131372799322,-0.0008930179083963,HOLD,-0.2631440660211236,0.3741061690166416
2025-04-28,69.79380336352257,-0.0029643781440585,HOLD,-0.2653283856471304,0.3741061690166416
2025-04-29,69.91404394053689,0.001722797314656,HOLD,-0.2640626953627693,0.3741061690166416
2025-04-30,70.19525345157922,0.0040222177861934,HOLD,-0.2611025952465341,0.3741061690166416
2025-05-01,69.73753341953625,-0.00652066926945,HOLD,-0.2659207008469865,0.3741061690166416
2025-05-02,69.68738687423966,-0.0007190754080002,HOLD,-0.2664485592185295,0.3741061690166416
2025-05-05,69.69894665765966,0.0001658805694759,HOLD,-0.2663268772877927,0.3741061690166416
2025-05-06,69.29888398012275,-0.0057398669093507,HOLD,-0.2705380633671286,0.3741061690166416
2025-05-07,69.29380811653441,-7.324596439106656e-05,HOLD,-0.2705914935101638,0.3741061690166416
2025-05-08,69.50694723967727,0.0030758754488484,HOLD,-0.2683479237928705,0.3741061690166416
2025-05-09,69.56231187684112,0.0007965338626214,HOLD,-0.2677651381385142,0.3741061690166416
2025-05-12,69.60386511486713,0.0005973527461189,HOLD,-0.2673277356329772,0.3741061690166416
2025-05-13,69.27897891503324,-0.0046676459604324,HOLD,-0.2707475903680708,0.3741061690166416
2025-05-14,69.19171619371409,-0.0012595844033176,HOLD,-0.271666145329325,0.3741061690166416
2025-05-15,68.94371260284247,-0.0035842959896714,HOLD,-0.274276709443763,0.3741061690166416
2025-05-16,68.57568736332301,-0.0053380536908347,HOLD,-0.2781506593334415,0.3741061690166416
2025-05-19,68.41089578028541,-0.0024030613381169,HOLD,-0.2798853075759425,0.3741061690166416
2025-05-20,68.57503338480774,0.0023992903856935,HOLD,-0.2781575433178128,0.3741061690166416
2025-05-21,68.81880295662782,0.0035547860465801,HOLD,-0.2755915478249698,0.3741061690166416
2025-05-22,68.98295575327143,0.0023852899148371,HOLD,-0.273863623649774,0.3741061690166416
2025-05-23,68.82471503903382,-0.0022939103219,HOLD,-0.2755293153785909,0.3741061690166416
2025-05-26,68.76063842469684,-0.0009310116910856,HOLD,-0.2762038060558223,0.3741061690166416
2025-05-27,68.49638707906136,-0.0038430612584388,HOLD,-0.2789853991677746,0.3741061690166416
2025-05-28,68.97661106707959,0.0070109389487058,HOLD,-0.2739304098202144,0.3741061690166416
2025-05-29,68.49487385316007,-0.0069840661416523,HOLD,-0.2790013278614724,0.3741061690166416
2025-05-30,68.10402575654115,-0.0057062386516226,HOLD,-0.2831155183521979,0.3741061690166416
2025-06-02,67.9144403605185,-0.0027837619570446,HOLD,-0.2851111540998048,0.3741061690166416
2025-06-03,67.94753677265538,0.0004873251102592,HOLD,-0.2847627708141533,0.3741061690166416
2025-06-04,68.53224411354721,0.0086052764921882,HOLD,-0.2786079566995025,0.3741061690166416
2025-06-05,68.5321473201885,-1.412376903209278e-06,HOLD,-0.2786089755769626,0.3741061690166416
2025-06-06,68.19927305602545,-0.0048571988063913,HOLD,-0.2821129151997316,0.3741061690166416
2025-06-09,68.00902562623631,-0.0027895814905952,HOLD,-0.2841155197238277,0.3741061690166416
2025-06-10,67.64907276119683,-0.005292721983957,HOLD,-0.2879044972505591,0.3741061690166416
2025-06-11,67.41822814006757,-0.003412384112701,HOLD,-0.2903344406308672,0.3741061690166416
2025-06-12,67.21995066010675,-0.0029410069862542,HOLD,-0.2924215719988758,0.3741061690166416
2025-06-13,66.75404289514834,-0.0069310935277866,HOLD,-0.2973258642615959,0.3741061690166416
2025-06-16,66.94598464400823,0.0028753576642748,HOLD,-0.2953054247999128,0.3741061690166416
2025-06-17,67.25976249971555,0.0046870302584367,HOLD,-0.2920025000029937,0.3741061690166416
2025-06-18,67.12685457793259,-0.0019760391182398,HOLD,-0.2934015307586038,0.3741061690166416
2025-06-19,66.99697722747132,-0.0019348046512515,HOLD,-0.2947686607634593,0.3741061690166416
2025-06-20,66.69376578927672,-0.0045257480373348,HOLD,-0.2979603601128761,0.3741061690166416
2025-06-23,66.55264405930282,-0.0021159658373436,HOLD,-0.2994458520073383,0.3741061690166416
2025-06-24,66.33717550907642,-0.0032375655884446,HOLD,-0.3017139420097215,0.3741061690166416
2025-06-25,66.39297152015064,0.0008410971773524,HOLD,-0.3011266155773613,0.3741061690166416
2025-06-26,66.0037728474093,-0.0058620462954157,HOLD,-0.3052234437114807,0.3741061690166416
2025-06-27,66.08356572547191,0.0012089138941662,HOLD,-0.3043835186792425,0.3741061690166416
2025-06-30,66.00889188595136,-0.0011299910757051,HOLD,-0.3051695590952483,0.3741061690166416
2025-07-01,65.89224900107426,-0.0017670783669362,HOLD,-0.3063973789360599,0.3741061690166416
2025-07-02,65.78099090319141,-0.0016884853616248,HOLD,-0.3075685168085109,0.3741061690166416
2025-07-03,65.39034318187578,-0.0059386110782451,HOLD,-0.3116805980855176,0.3741061690166416
2025-07-04,65.31376754949675,-0.00117105414428,HOLD,-0.3124866573737179,0.3741061690166416
2025-07-07,65.74346773007699,0.0065790138389214,HOLD,-0.3079634975781364,0.3741061690166416
2025-07-08,65.44121342026905,-0.0045974804835197,HOLD,-0.3111451218919042,0.3741061690166416
2025-07-09,65.68465246192542,0.0037199652777368,HOLD,-0.3085826056639424,0.3741061690166416
2025-07-10,65.4925253196012,-0.0029249929035644,HOLD,-0.3106049966357764,0.3741061690166416
2025-07-11,65.5109732514115,0.0002816799584421,HOLD,-0.3104108078798785,0.3741061690166416
2025-07-14,65.3384704803462,-0.0026331889529909,HOLD,-0.3122266265226712,0.3741061690166416
2025-07-15,65.02955827956559,-0.0047278762191644,HOLD,-0.3154783338993092,0.3741061690166416
2025-07-16,64.23059505152446,-0.0122861549298296,HOLD,-0.3238884731418474,0.3741061690166416
2025-07-17,64.74173051348173,0.0079578191911073,HOLD,-0.3185080998580867,0.3741061690166416
2025-07-18,64.64231502733911,-0.0015355704173202,HOLD,-0.3195545786595879,0.3741061690166416
2025-07-21,64.55595009291599,-0.0013360433392057,HOLD,-0.3204636832324629,0.3741061690166416
2025-07-22,64.58692836252845,0.0004798669923977,HOLD,-0.3201375961839106,0.3741061690166416
2025-07-23,64.869397929328,0.0043734788750757,HOLD,-0.3171642323228627,0.3741061690166416
2025-07-24,64.7838339080922,-0.00131901981469,HOLD,-0.318064906230608,0.3741061690166416
2025-07-25,64.4910595600418,-0.0045192501028228,HOLD,-0.3211467414732438,0.3741061690166416
2025-07-28,64.69850123103234,0.0032165957949163,HOLD,-0.3189631449365013,0.3741061690166416
2025-07-29,64.57988629481943,-0.0018333490568713,HOLD,-0.3202117232124266,0.3741061690166416
2025-07-30,64.36385603516382,-0.0033451632087023,HOLD,-0.3224857259456436,0.3741061690166416
2025-07-31,64.03076648699518,-0.0051751024361664,HOLD,-0.3259919317158398,0.3741061690166416
2025-08-01,64.52881753688268,0.0077783084166056,HOLD,-0.3207492890854451,0.3741061690166416
2025-08-04,64.43493231418654,-0.0014549348071113,HOLD,-0.3217375545875097,0.3741061690166416
2025-08-05,64.75617789953138,0.0049855811716916,HOLD,-0.3183560221101956,0.3741061690166416
2025-08-06,64.46445321733971,-0.0045049706708181,HOLD,-0.321426808238529,0.3741061690166416
2025-08-07,64.4478762349215,-0.0002571491975946,HOLD,-0.3216013027902997,0.3741061690166416
2025-08-08,64.40621199027048,-0.0006464797148496,HOLD,-0.3220398737866262,0.3741061690166416
2025-08-11,64.44692374910932,0.0006321091953829,HOLD,-0.3216113289567438,0.3741061690166416
2025-08-12,64.80932349147255,0.0056232279413994,HOLD,-0.3177965948266045,0.3741061690166416
2025-08-13,64.18125949573455,-0.0096909512690815,HOLD,-0.3244077947817414,0.3741061690166416
2025-08-14,64.78764430928975,0.0094480042666582,HOLD,-0.3180247967443182,0.3741061690166416
2025-08-15,64.80603666282613,0.0002838867461916,HOLD,-0.3178311930228826,0.3741061690166416
2025-08-18,64.85492256044105,0.0007543417269793,HOLD,-0.3173166046269361,0.3741061690166416
2025-08-19,64.89766179203198,0.0006589974963133,HOLD,-0.3168667179786105,0.3741061690166416
2025-08-20,64.94700938431971,0.0007603909127862,HOLD,-0.3163472696387396,0.3741061690166416
2025-08-21,65.30000543223498,0.0054351393737999,HOLD,-0.3126315217659473,0.3741061690166416
2025-08-22,65.41797667239116,0.0018066038337256,HOLD,-0.3113897192379875,0.3741061690166416
2025-08-25,65.35526306702324,-0.0009586601200153,HOLD,-0.3120498624523866,0.3741061690166416
2025-08-26,65.26570950307348,-0.00137025787591,HOLD,-0.3129925315465947,0.3741061690166416
2025-08-27,65.4129186492838,0.0022555358293221,HOLD,-0.3114429615864861,0.3741061690166416
2025-08-28,65.42007226563318,0.0001093609106137,HOLD,-0.3113676603617556,0.3741061690166416
2025-08-29,65.67561906235633,0.0039062444884732,HOLD,-0.3086776940804594,0.3741061690166416
2025-09-01,65.70490575144106,0.0004459293951522,HOLD,-0.3083694131427255,0.3741061690166416
2025-09-02,65.7678931524669,0.000958640763661,HOLD,-0.3077063878687692,0.3741061690166416
2025-09-03,66.46602638444848,0.0106151071368993,HOLD,-0.3003576170058052,0.3741061690166416
2025-09-04,66.72500089546804,0.0038963441190482,HOLD,-0.2976315695213889,0.3741061690166416
2025-09-05,66.4769021306553,-0.0037182279727715,HOLD,-0.3002431354667861,0.3741061690166416
2025-09-08,65.88322634895529,-0.008930557271354,HOLD,-0.3064923542215232,0.3741061690166416
2025-09-09,66.03269645857557,0.0022687126587972,HOLD,-0.3049189846465728,0.3741061690166416
2025-09-10,66.0242718433304,-0.0001275824810585,HOLD,-0.3050076648070483,0.3741061690166416
2025-09-11,65.8665830310143,-0.0023883461023285,HOLD,-0.3066675470419546,0.3741061690166416
2025-09-12,65.66254463707737,-0.0030977528292435,HOLD,-0.3088153196097117,0.3741061690166416
2025-09-15,65.64612237987309,-0.0002501008344262,HOLD,-0.3089881854750199,0.3741061690166416
2025-09-16,65.72449662090825,0.0011938898779373,SELL,-0.3081631934641234,0.3741061690166416
2025-09-17,65.24693449039937,-0.0072661207778191,HOLD,-0.3131901632589539,0.3741061690166416
2025-09-18,64.86399729669844,-0.0058690449856655,SELL,-0.3172210810873846,0.3741061690166416
2025-09-19,64.53226804528057,-0.0051142276955348,SELL,-0.3207129679444148,0.3741061690166416
2025-09-22,64.63059860853735,0.0015237425591145,SELL,-0.3196779093838171,0.3741061690166416
2025-09-23,64.49114207517485,-0.0021577478216964,HOLD,-0.3211458728928962,0.3741061690166416
2025-09-24,64.33277331994783,-0.0024556667804457,HOLD,-0.3228129124216016,0.3741061690166416
2025-09-25,63.71110333203731,-0.0096633481789872,HOLD,-0.3293568070311859,0.3741061690166416
2025-09-26,63.95345492147662,0.0038039144947195,HOLD,-0.3268057376686669,0.3741061690166416
2025-09-29,63.98312570600148,0.0004639434188706,HOLD,-0.3264934136210368,0.3741061690166416
2025-09-30,63.80247379281567,-0.002823430571615,HOLD,-0.3283950127072033,0.3741061690166416
2025-10-01,63.77201657831516,-0.0004773672976914,HOLD,-0.3287156149651034,0.3741061690166416
2025-10-02,64.03620803349891,0.0041427489572845,HOLD,-0.3259346522789587,0.3741061690166416
2025-10-03,64.04501640245293,0.0001375529442564,HOLD,-0.3258419326057584,0.3741061690166416
2025-10-06,64.08081384011578,0.0005589418142686,HOLD,-0.3254651174724653,0.3741061690166416
2025-10-07,63.781942350127096,-0.0046639777505694,HOLD,-0.3286111331565567,0.3741061690166416
2025-10-08,63.94127120322069,0.002498024475626,HOLD,-0.3269339873345189,0.3741061690166416
2025-10-09,64.07748192329578,0.002130247295869,HOLD,-0.3255001902810969,0.3741061690166416
2025-10-10,64.3757557437766,0.004654892975318,HOLD,-0.322360465854983,0.3741061690166416
2025-10-13,64.4767236986563,0.0015684158378128,HOLD,-0.3212976452773018,0.3741061690166416
2025-10-14,64.54009386955582,0.0009828379493301,HOLD,-0.3206305908467807,0.3741061690166416
2025-10-15,63.98269012967564,-0.0086365498786965,HOLD,-0.326497998634993,0.3741061690166416
2025-10-16,63.60875597703137,-0.0058443018242341,HOLD,-0.3304341476101959,0.3741061690166416
2025-10-17,63.90866004732049,0.0047148237012748,HOLD,-0.3272772626597842,0.3741061690166416
2025-10-20,63.53255475469353,-0.0058850442545419,HOLD,-0.3312362657400679,0.3741061690166416
2025-10-21,63.910713609273635,0.0059522060153289,HOLD,-0.327255646218172,0.3741061690166416
2025-10-22,63.71204512164205,-0.0031085318315513,HOLD,-0.3293468934563993,0.3741061690166416
2025-10-23,63.84126274450664,0.0020281506050838,HOLD,-0.3279867079525616,0.3741061690166416
2025-10-24,64.10977808159035,0.0042059841165471,HOLD,-0.3251602307201015,0.3741061690166416
2025-10-27,63.76603047176857,-0.0053618592999074,HOLD,-0.3287786266129623,0.3741061690166416
2025-10-28,63.16707126058667,-0.0093930766389337,HOLD,-0.3350834604148771,0.3741061690166416
2025-10-29,63.60252408618316,0.0068936681233817,HOLD,-0.3304997464612298,0.3741061690166416
2025-10-30,63.568225245289966,-0.0005392685492594,HOLD,-0.3308607868916845,0.3741061690166416
2025-10-31,63.982065067074245,0.0065101679366916,HOLD,-0.3265045782413236,0.3741061690166416
2025-11-03,64.36452338092282,0.0059775862727724,HOLD,-0.3224787012534439,0.3741061690166416
2025-11-04,64.24604105940705,-0.0018408016604825,HOLD,-0.3237258835851888,0.3741061690166416
2025-11-05,64.31607605445552,0.001090106003321,HOLD,-0.3229886731109944,0.3741061690166416
2025-11-06,64.20948731366754,-0.0016572643626102,HOLD,-0.3241106598561311,0.3741061690166416
2025-11-07,63.83452480372193,-0.005839674565752,HOLD,-0.3280576336450321,0.3741061690166416
2025-11-10,65.11277974126033,0.0200245077639218,HOLD,-0.3146023185130491,0.3741061690166416
2025-11-11,68.30003027097709,0.0489496922475432,BUY,-0.2810523129370832,0.3741061690166416
2025-11-12,71.31573390388604,0.0441537671497991,BUY,-0.2493080641696206,0.4347781328425049
2025-11-13,74.05407782140946,0.0383974723055358,BUY,-0.2204833913535845,0.4898699864629132
2025-11-14,77.63080828972036,0.0482988995816897,BUY,-0.1828335969503119,0.5618290673288591
2025-11-17,79.05415797987163,0.0183348559870624,HOLD,-0.1678509686329301,0.5904649783547418
2025-11-18,79.68332771212239,0.0079587177743509,HOLD,-0.1612281293460801,0.6031230402474563
2025-11-19,79.9203358141323,0.002974375052033,HOLD,-0.15873330721966,0.6078913294237076
2025-11-20,79.74230941262667,-0.0022275482165098,HOLD,-0.160607269340772,0.6043096739605083
2025-11-21,79.80677484854502,0.0008084219831754,HOLD,-0.1599286858047894,0.6056066331687591
2025-11-24,80.10926886388599,0.0037903300304396,HOLD,-0.1567445382748845,0.6116924122075316
2025-11-25,80.23344583751556,0.0015500949564346,HOLD,-0.1554374122366785,0.6141906884870185
2025-11-26,80.78373766274196,0.0068586338213718,HOLD,-0.1496448667079796,0.6252618313372191
2025-11-27,80.80160077717485,0.0002211226535155,HOLD,-0.1494568339244755,0.625621213546022
2025-11-28,80.18322757753545,-0.0076529820410945,HOLD,-0.1559660254996272,0.6131803635931319
2025-12-01,80.38677493168727,0.0025385278231035,HOLD,-0.1538234217717133,0.6172754668297975
2025-12-02,80.02893707947922,-0.0044514517781332,HOLD,-0.1575901360054823,0.6100762430772468
2025-12-03,80.43440107648837,0.0050664673530085,HOLD,-0.1533220939317017,0.6182336417986523
2025-12-04,80.69940231228712,0.0032946255862182,HOLD,-0.1505326072390833,0.6235651157594013
2025-12-05,80.56283111640913,-0.0016923445770947,HOLD,-0.1519701987746411,0.6208174841401857
2025-12-08,80.6009627080027,0.0004733149402169,HOLD,-0.1515688135999719,0.6215846412707942
2025-12-09,80.92558103917102,0.0040274746139736,HOLD,-0.1481517785350423,0.6281155322479219
2025-12-10,80.8685504381653,-0.0007047289654691,HOLD,-0.148752100650892,0.6269681520732167
2025-12-11,81.13526306998719,0.0032981008114623,HOLD,-0.1459445992632931,0.6323340570557927
2025-12-12,81.13693657495331,2.062611129605152e-05,BUY,-0.1459269834215445,0.6323677257597258
2025-12-15,80.91719655977263,-0.0027082611749542,HOLD,-0.14824003621292,0.6279468476248022
2025-12-16,80.492710507827,-0.0052459312728669,BUY,-0.1527083104439267,0.6194067503462821
2025-12-17,81.86649934574217,0.0170672453349869,BUY,-0.1382473753079777,0.6470455626515761
2025-12-18,83.37708469966898,0.0184518132080773,BUY,-0.1223464768455901,0.6774365397188156
2025-12-19,84.86763208276001,0.0178771827830164,BUY,-0.1066565043920004,0.7074243793462793
2025-12-22,86.6183326881709,0.0206286020058112,BUY,-0.0882280769666228,0.7426461573228331
2025-12-23,88.47151529695189,0.0213948081343533,HOLD,-0.0687208916110333,0.7799297375048233
2025-12-24,88.74892880552176,0.0031356251516516,HOLD,-0.0658007494155611,0.7855109299579162
2025-12-25,89.06586701080131,0.0035711778107663,HOLD,-0.0624645577810394,0.7918873069718626
2025-12-26,89.402999805286,0.0037852075750164,HOLD,-0.0589157915233058,0.7986699723797883
2025-12-29,88.66602917023708,-0.0082432428067737,HOLD,-0.0666733771553997,0.7838430990682086
2025-12-30,88.35854641757007,-0.0034678755273528,HOLD,-0.0699100377097894,0.7776569532403128
2025-12-31,87.95336136973411,-0.0045856916423354,HOLD,-0.0741751434764838,0.7695051666068993
2026-01-01,88.2481593580775,0.0033517535174594,HOLD,-0.0710720067570797,0.7754361117732365
2026-01-02,87.83237879847913,-0.0047114927112676,HOLD,-0.0754486442265363,0.7670711574732954
2026-01-05,87.78852656683786,-0.0004992718202689,HOLD,-0.0759102466648654,0.7661889086399589
2026-01-06,87.87787357936155,0.0010177527294032,HOLD,-0.074969751796195,0.7679864522223692
2026-01-07,88.13399003831043,0.0029144589931113,HOLD,-0.0722737890704173,0.7731391762377477
2026-01-08,88.129506967815,-5.086653280395037e-05,HOLD,-0.0723209792861586,0.7730489827956737
2026-01-09,88.17058318610947,0.0004660892782422,HOLD,-0.0718885980409537,0.7738753819163531
2026-01-12,87.70053477507646,-0.0053311251218655,HOLD,-0.0768364760518274,0.76441863030476
2026-01-13,87.3334525667494,-0.0041856324966377,HOLD,-0.0807004992973754,0.7570334223480835
2026-01-14,86.83106592533362,-0.0057525109411173,HOLD,-0.085988779733331,0.7469260683621173
2026-01-15,87.18311110577635,0.0040543689829335,HOLD,-0.0822830409918287,0.7540087512291627
2026-01-16,86.74119032321552,-0.0050688806232741,HOLD,-0.0869348387029953,0.7451178902570039
2026-01-19,87.19350170745443,0.0052144936281541,BUY,-0.0821736662373225,0.754217796376127
2026-01-20,86.37904793030854,-0.0093407623411947,BUY,-0.0907468638914898,0.7378320648454832
2026-01-21,86.10365532383014,-0.0031881875648894,BUY,-0.0936457334333678,0.7322915302664768
2026-01-22,86.8182065157994,0.0082987323741585,BUY,-0.0861241419389545,0.7466673540701798
2026-01-23,87.02394028353184,0.0023697076453081,BUY,-0.0839585233312447,0.7508064450529301
2026-01-26,87.43205545419319,0.004689688484935,BUY,-0.0796625741663884,0.7590171818776448
2026-01-27,89.16261325695625,0.0197931730390317,BUY,-0.0614461762425667,0.7938337133371789
2026-01-28,90.91874166704308,0.0196957934041914,BUY,-0.0429606140311263,0.8291646915565416
2026-01-29,91.8473194484285,0.0102132713713305,BUY,-0.0331861110691746,0.8478464469342646
2026-01-30,94.46465791849404,0.0284966233721732,BUY,-0.0056351798053267,0.9005038311821589
2026-02-02,96.9056435844752,0.0258402001316437,BUY,0.0200594061523695,0.9496132305308618
2026-02-03,96.74486810158386,-0.00165909308214,BUY,0.0183670326482503,0.9463786407072392
2026-02-04,97.03013677019996,0.0029486697766392,BUY,0.021369860738946,0.9521178685789888
2026-02-05,97.72013488373096,0.0071111732550181,BUY,0.0286329987761144,0.965999716956671
2026-02-06,97.339478622618,-0.0038953718347387,BUY,0.0246260907643991,0.9583414170321336
2026-02-09,99.38909002817574,0.0210563220037782,BUY,0.0462009476650069,0.9995768845024976
2026-02-10,100.99536543305842,0.0161614861794923,BUY,0.0631091098216667,1.0318930186862172
2026-02-11,102.9852086223989,0.0197023217927696,BUY,0.0840548276041981,1.0719260287888552
2026-02-12,105.4455956601246,0.0238906836295962,HOLD,0.1099536385276265,1.1214257580465756
2026-02-13,108.32129983056235,0.0272719230465234,HOLD,0.1402242087427607,1.1792811180689349
2026-02-16,109.04114942659596,0.0066455036743429,HOLD,0.1478015729115356,1.193763538746488
2026-02-17,108.6686369744089,-0.0034162557359855,HOLD,0.1438803892043032,1.1862690814738492
2026-02-18,107.77827094508136,-0.0081934038570596,HOLD,0.1345081152113818,1.168356095949131
2026-02-19,106.68667846944876,-0.0101281312648707,HOLD,0.1230176680994599,1.1463947007803754
2026-02-20,107.0503328632284,0.0034086204481824,HOLD,0.1268456090866139,1.153710945647326
2026-02-23,107.37615097745883,0.003043597394944,HOLD,0.1302752734469341,1.1602659746709607
2026-02-24,107.8929552802101,0.0048130268970039,HOLD,0.1357153187390527,1.1706633929117345
2026-02-25,108.33293197274033,0.0040779000944737,HOLD,0.1403466523446339,1.17951514136676
2026-02-26,108.55745868394742,0.0020725619358625,HOLD,0.1427100914099717,1.184032321487393
2026-02-27,108.87978782052298,0.0029692030421786,HOLD,0.1461030296897143,1.1905171569005697
2026-03-02,109.24233085434064,0.003329755146247,HOLD,0.149919272150953,1.197811042676702
2026-03-03,108.3566325092642,-0.0081076478151805,HOLD,0.1405961316764643,1.1799919647783643
2026-03-04,108.4977201256312,0.0013020671933021,HOLD,0.1420812644803275,1.1828304607973648
2026-03-05,108.66356572308528,0.0015285629712959,HOLD,0.1438270076114229,1.1861670546123566
2026-03-06,108.7065671313405,0.0003957297735361,HOLD,0.1442796540141095,1.1870321860057906
2026-03-09,108.1487152665971,-0.0051317218404055,HOLD,0.1384075291220736,1.1758089451711946
2026-03-10,108.39005828329924,0.0022315846850997,SELL,0.1409479819294647,1.1806644470909418
2026-03-11,106.0251787576601,-0.0218182328074596,SELL,0.1160545132385264,1.1806644470909418
2026-03-12,103.17640959558024,-0.02686879848221,SELL,0.0860674694271594,1.1806644470909418
2026-03-13,100.9253012660084,-0.0218180525799985,SELL,0.0623715922737717,1.1806644470909418
2026-03-16,96.42532561498857,-0.0445871906704471,SELL,0.0150034275261945,1.1806644470909418
2026-03-17,92.7509478632808,-0.0381059408228393,SELL,-0.0236742330180977,1.1806644470909418
2026-03-18,90.7345473517551,-0.0217399450677093,SELL,-0.0448995015604736,1.1806644470909418
2026-03-19,88.69459824525987,-0.0224826063063593,SELL,-0.0663726500498971,1.1806644470909418
2026-03-20,86.44564388155467,-0.0253561593174631,SELL,-0.0900458538783728,1.1806644470909418
2026-03-23,84.16929993022444,-0.0263326623426995,SELL,-0.1140073691555331,1.1806644470909418
2026-03-24,82.85412918824967,-0.015625302135874,SELL,-0.1278512717026358,1.1806644470909418
2026-03-25,81.61530661279127,-0.0149518507718996,SELL,-0.1408915093390401,1.1806644470909418
2026-03-26,77.75706875877358,-0.047273459037805,SELL,-0.1815045393813315,1.1806644470909418
2026-03-27,74.95495639482682,-0.0360367540684921,SELL,-0.2110004590018236,1.1806644470909418
2026-03-30,73.77875973401792,-0.015692046495408,SELL,-0.2233814764840226,1.1806644470909418
2026-03-31,72.47200701316548,-0.0177117740331155,SELL,-0.2371367682824694,1.1806644470909418
2026-04-01,70.84690509817312,-0.0224238569065312,HOLD,-0.2542431042297574,1.1806644470909418
2026-04-02,71.41811038801075,0.0080625298881595,HOLD,-0.2482304169683087,1.1806644470909418
2026-04-03,71.309359641874,-0.0015227334571848,SELL,-0.249375161664485,1.1806644470909418
2026-04-06,71.1674971177548,-0.0019893955692723,HOLD,-0.2508684513920555,1.1806644470909418
2026-04-07,71.14952510789243,-0.000252531149615,HOLD,-0.2510576304432383,1.1806644470909418
2026-04-08,70.9102471545021,-0.0033630295216655,HOLD,-0.2535763457420839,1.1806644470909418
2026-04-09,70.8032322894634,-0.0015091593857449,HOLD,-0.2547028180056492,1.1806644470909418
2026-04-10,69.70165825555102,-0.01555824498815,HOLD,-0.2662983341520951,1.1806644470909418
2026-04-13,70.14537914724272,0.0063660019402245,HOLD,-0.2616275879237614,1.1806644470909418
2026-04-14,70.0112303246919,-0.0019124399095374,HOLD,-0.2630396807927174,1.1806644470909418
2026-04-15,70.19244500102573,0.0025883658306449,HOLD,-0.2611321578839402,1.1806644470909418
2026-04-16,70.4910233760676,0.0042537109946449,HOLD,-0.2579892276203415,1.1806644470909418
2026-04-17,70.8820892631338,0.0055477402417591,HOLD,-0.253872744598592,1.1806644470909418
2026-04-20,71.04137539274959,0.0022471985697891,HOLD,-0.2521960484973732,1.1806644470909418
2026-04-21,71.08065645780307,0.000552932215013,HOLD,-0.2517825636020733,1.1806644470909418
2026-04-22,71.64959629236154,0.008004144346869,HOLD,-0.2457937232382999,1.1806644470909418
2026-04-23,71.74245554332276,0.0012960191789821,HOLD,-0.244816257438708,1.1806644470909418
2026-04-24,71.98730132965433,0.0034128436847788,HOLD,-0.24223893337206,1.1806644470909418
2026-04-27,71.39116788135438,-0.0082810917660332,HOLD,-0.2485140223015332,1.1806644470909418
2026-04-28,71.44274570649449,0.0007224678720179,HOLD,-0.247971097826374,1.1806644470909418
2026-04-29,71.12874462830992,-0.0043951429229018,HOLD,-0.2512763723335801,1.1806644470909418
2026-04-30,71.06589692714302,-0.0008835766959661,HOLD,-0.2519379270827054,1.1806644470909418
2026-05-01,70.59653022388638,-0.0066046686744534,HOLD,-0.256878629222249,1.1806644470909418
2026-05-04,70.60704259298933,0.0001489077305869,HOLD,-0.2567679727053759,1.1806644470909418
2026-05-05,70.44250712165298,-0.0023302983001965,HOLD,-0.2584999250352322,1.1806644470909418
2026-05-06,70.51915279632449,0.0010880600052911,SELL,-0.2576931284597427,1.1806644470909418
2026-05-07,70.73577263113648,0.0030717872552672,SELL,-0.255412919672248,1.1806644470909418
2026-05-08,70.94799892241399,0.0030002682289793,SELL,-0.2531789587114321,1.1806644470909418
2026-05-11,70.9547365485497,9.496569653899556e-05,SELL,-0.2531080363310561,1.1806644470909418
2026-05-12,68.93946628840553,-0.0284021949509355,SELL,-0.2743214074904686,1.1806644470909418
2026-05-13,67.13632104349857,-0.0261554859935174,SELL,-0.2933018837526471,1.1806644470909418
2026-05-14,65.46641644829067,-0.0248733408273286,SELL,-0.3108798268600986,1.1806644470909418
2026-05-15,63.49052666958214,-0.0301817311211651,HOLD,-0.3316786666359779,1.1806644470909418
2026-05-18,62.216229831033765,-0.0200706610165651,HOLD,-0.345092317568066,1.1806644470909418
2026-05-19,62.73305735682435,0.0083069566766449,HOLD,-0.339652027822902,1.1806644470909418
2026-05-20,62.58841029215937,-0.0023057550637494,HOLD,-0.341174628503586,1.1806644470909418
2026-05-21,63.08649441208315,0.007958088687646,HOLD,-0.3359316377675462,1.1806644470909418
2026-05-22,62.94568139408538,-0.0022320628101154,HOLD,-0.3374138800622596,1.1806644470909418
2026-05-25,63.5341995943498,0.0093496199775782,HOLD,-0.3312189516384236,1.1806644470909418
