Date,Close,Open,High,Low,Volume
2024-01-01,35.0,35.23995574003831,35.35126577095441,34.693797723619895,1989076.0
2024-01-02,34.641652013630484,35.08813033136722,35.40211746846183,34.43106747665208,3563828.0
2024-01-03,34.677130761465435,34.50920350409893,34.73953230331586,33.82140765800009,3463997.0
2024-01-04,34.78175383465089,34.780672352265164,34.846605007956796,34.648173452136845,3875228.0
2024-01-05,34.964294092232116,34.972537361600125,35.57154492482202,34.95641927674289,3635040.0
2024-01-08,34.970844228948906,35.005617181799224,35.08590602965476,34.850202008705125,1994326.0
2024-01-09,35.127368906376134,34.94795111247156,35.39386831955054,34.66760827083722,3890828.0
2024-01-10,35.40527596131956,35.05235888800126,35.43201856008764,34.73482699755942,4368403.0
2024-01-11,35.56493273506442,35.36310043004099,35.77604338400641,35.289774479911586,4225781.0
2024-01-12,35.44828486045334,35.58382054366951,35.62377475945244,35.325369477031934,1262063.0
2024-01-15,35.618861389732004,35.30463646780675,35.84275565765714,35.23101834396813,3205899.0
2024-01-16,35.66496130246159,35.714821208773856,35.802327451267296,35.606326737961375,3736479.0
2024-01-17,35.44617140056287,35.849543579153014,35.866285565754474,35.40581092146043,1251117.0
2024-01-18,35.30404289690524,35.466947249552376,35.98743724645248,34.86123462528271,614749.0
2024-01-19,35.17689416491701,35.36794737525096,35.46406893244519,34.70996466720251,1530769.0
2024-01-22,35.32021103843795,35.22897573921581,35.42077301803844,35.10284307688091,4766703.0
2024-01-23,35.495572777876035,35.15000377808988,35.6270887705972,34.94563368491369,1840633.0
2024-01-24,35.74838593069316,35.395299654645946,35.94692467068408,35.260608066154845,1946337.0
2024-01-25,35.77592023614529,35.506863151883316,36.13543549605985,35.20824153800215,4486996.0
2024-01-26,35.62538432570105,35.8195519794735,36.141228465660454,35.57045938630094,4263015.0
2024-01-29,35.64720216149947,35.70945090796567,36.08492560781687,35.221305406320184,3512635.0
2024-01-30,35.343671778646204,35.657109827574914,36.067601355592345,35.17607924096402,803190.0
2024-01-31,35.14247691042859,35.53301383981068,35.82687059736429,35.110772187747365,4215103.0
2024-02-01,34.940356844192515,34.98763179648225,35.26619658552362,34.79325992276371,4480175.0
2024-02-02,34.999238619217344,34.79306659216422,35.68209729892443,34.56234590094584,1303323.0
2024-02-05,34.90637999966835,34.92382335415926,35.09741156831452,34.714814078558184,1345778.0
2024-02-06,34.70237425663045,34.65202042874214,35.10007799125083,34.52428473558197,3684566.0
2024-02-07,35.41306588958912,34.98615778976807,35.420599168990854,34.846676649569694,3930906.0
2024-02-08,36.030319379739865,35.1779757239822,36.12039622439208,35.14888370022345,3845500.0
2024-02-09,37.091686135315264,36.06231182416592,37.3654085571065,36.04838063782888,1710108.0
2024-02-12,37.7786178573456,37.11466366481271,37.82205331469191,36.70952749417791,2490014.0
2024-02-13,38.64416883926684,38.11144588321841,38.85919229357851,38.05505351075702,2950929.0
2024-02-14,38.285855560005615,39.09265076235524,39.378512734886215,38.274041594239755,873723.0
2024-02-15,38.25276044465775,38.523413981411544,38.8016224256763,38.15086098276104,1584917.0
2024-02-16,37.52948651435445,38.127433251884185,38.50406839028236,37.23877225469737,3312200.0
2024-02-19,36.80099625367667,37.52433507047639,37.5930184508274,36.782696947424256,3658149.0
2024-02-20,35.73898673192508,36.76117078621917,36.94837598554601,35.499705210836105,2963471.0
2024-02-21,35.173532829995395,35.9128074978452,35.952972255805776,35.09728655626343,2446111.0
2024-02-22,34.466679380982114,35.03616064803428,35.10175314823236,34.4250961471931,2482362.0
2024-02-23,34.6685798542858,34.616658704001146,34.976046894698044,34.24114676026008,2677042.0
2024-02-26,34.58568785186923,35.02812046636648,35.55783381335663,34.287386551104404,4582250.0
2024-02-27,34.47399036518886,34.502644185129675,34.64818474429184,34.41664761788101,704700.0
2024-02-28,34.376025195319244,34.49620763387124,35.006589683745155,34.14605971661481,2233686.0
2024-02-29,34.3777670095972,34.48818597076551,34.64964228686417,34.27680197363568,785310.0
2024-03-01,34.51473681984495,34.6756990926856,34.95178297764397,34.396629532643246,892809.0
2024-03-04,34.485439684347995,34.658518390202595,35.07097284175099,33.86056337226672,3437784.0
2024-03-05,34.610112873088,34.49076058784566,34.779047050047076,34.47063105191046,145176.0
2024-03-06,34.53048331999412,34.44060883903155,34.666118360365616,34.01226544077752,2688101.0
2024-03-07,34.56095604119625,34.94880995611449,35.02332504681907,34.34748810463934,2944872.0
2024-03-08,34.60328542583873,34.57121245467491,34.63905522976586,34.1829014799526,2498022.0
2024-03-11,34.35147525172676,34.271920948916126,34.911444576003994,34.025806880520555,256002.0
2024-03-12,34.65238455185852,34.28196792678969,34.70226130777575,34.190603930762066,4336324.0
2024-03-13,35.04358204869488,34.629847124492606,35.32361241600573,34.583238458050424,1537375.0
2024-03-14,35.06646056895651,34.875701467983575,35.32705617866024,34.27976079721504,2138820.0
2024-03-15,35.05457936872076,35.0360245735573,35.28179336146138,34.85990108568398,4163034.0
2024-03-18,34.92051147442992,35.260161056590256,35.26678046443375,34.6973855190471,4638619.0
2024-03-19,35.12025863221882,35.17319011012469,35.376244699853274,34.88469098882547,302021.0
2024-03-20,35.14393311931869,35.291717242182465,35.56470233428565,34.96192321581791,457671.0
2024-03-21,35.00478061964976,35.13495862084018,35.72752715597099,34.28377053665964,4527463.0
2024-03-22,34.78081245787267,35.312268231855306,35.94417512749931,34.61986797083212,851772.0
2024-03-25,34.93744146318148,34.892068080413004,35.47907964423845,34.55709464584794,1631400.0
2024-03-26,34.79082588874223,35.12405784623648,35.77838210998947,34.67082571910292,1449908.0
2024-03-27,34.82219598210062,34.9755970908135,35.440652600568896,34.75577082300245,556927.0
2024-03-28,34.66457858929801,35.013202769336,35.084965377939014,34.4830996866819,4198859.0
2024-03-29,34.58671556281804,34.364572297005324,34.921788773129094,34.22119588729768,1801386.0
2024-04-01,34.547858697055815,34.688456699937795,34.77840413019761,34.43959364992751,4981909.0
2024-04-02,34.636123843076696,34.62300584467992,35.12462889416368,34.292922666657745,4505604.0
2024-04-03,34.646282764517665,34.21616784096416,34.691476067587125,33.554981331626074,230744.0
2024-04-04,35.034200960003226,34.6449080640574,35.054341112672326,34.33011798235787,1174974.0
2024-04-05,35.017452301864566,35.27204181029369,35.39613897279703,34.832782258022526,419483.0
2024-04-08,34.85998906358492,34.8906610804407,35.05501058502079,34.83282968410387,600036.0
2024-04-09,34.745984133060354,35.1155046126843,35.403302139263616,34.50288976319397,3349198.0
2024-04-10,34.980565996762564,34.67347687561331,35.10670294258397,34.320282903531485,843638.0
2024-04-11,35.10669915230646,34.777768193108415,35.153673029473474,34.42355291495687,4240649.0
2024-04-12,34.954966625947506,35.33025277654345,35.41824560743701,34.930755477251665,1414429.0
2024-04-15,34.73225219136713,34.89802976030494,35.195362885245,34.52757361212883,3294329.0
2024-04-16,35.00738712534494,35.03483967362007,35.17722340490524,34.99362368434221,4478236.0
2024-04-17,34.96233961579727,34.93723294790438,35.40308388393328,34.74499007908335,2673247.0
2024-04-18,34.86784549577043,34.75872050454427,35.102420867973706,34.6320042649432,3524506.0
2024-04-19,34.691384521619064,34.87897010480851,34.97404639420332,34.58310512518488,3423252.0
2024-04-22,34.834063713782776,34.744011162872596,34.94103139545028,34.50311902478443,2617468.0
2024-04-23,34.685918543408064,34.876361174863064,35.25632065972141,34.513346966146145,2809454.0
2024-04-24,35.70952310431557,34.4689277314387,35.922465277415505,34.45017666866425,264786.0
2024-04-25,36.42240267733717,35.6307392825907,36.49657161297254,35.60353843992671,4693364.0
2024-04-26,37.06875080634862,36.55141472401805,37.448019231919424,36.38357914108829,3974726.0
2024-04-29,37.96627600167324,36.97236877152361,37.975724582130155,36.810290156291636,3535826.0
2024-04-30,38.7481721856443,37.785383351029964,38.972990704722896,37.158939887724465,1814320.0
2024-05-01,38.74150262630093,38.449657932464,39.06923723341765,38.23879389999265,2862165.0
2024-05-02,38.70026930475608,39.002646164690205,39.421774455641284,38.562156665570726,4648023.0
2024-05-03,38.85530978874516,38.409235174699454,39.17058021043353,38.165363889441714,916742.0
2024-05-06,39.00151706577497,38.58366149715269,39.08449512777648,38.25759111807659,334819.0
2024-05-07,39.175334446073094,38.8280106688116,39.39893318232963,38.67042303238999,494985.0
2024-05-08,39.34264664977034,39.201269187989965,39.38144130886815,39.19266201728423,3759160.0
2024-05-09,40.45223274791423,39.370667327630365,40.84162846944378,38.792155433891075,1675792.0
2024-05-10,41.490255870397526,40.5882038885748,42.09311910087247,40.47636233205109,4022115.0
2024-05-13,42.46492031567774,41.33649642150504,42.50122084486099,40.640161498626455,3697310.0
2024-05-14,43.574506350533184,42.56167470171864,43.82977063572954,42.16534736801942,1891180.0
2024-05-15,44.688282996487054,43.27537764765969,45.11392564239134,42.92868146276028,4323569.0
2024-05-16,43.78993539651484,44.9388949958504,45.05394785811083,43.55834389104232,1895539.0
2024-05-17,42.551481835661875,44.36243216771337,45.09369254303927,42.28713984298041,2611675.0
2024-05-20,41.8469152684471,42.4261894046393,42.50935996441686,41.73817840963316,3818035.0
2024-05-21,41.08619520451537,41.970542066110646,42.444043748400276,41.082629022306406,1139677.0
2024-05-22,40.06460258513296,41.00494207760365,41.0975778560902,39.669761219648386,452298.0
2024-05-23,40.02540520400181,40.111541911964004,40.38981894892839,39.24872875474472,477911.0
2024-05-24,40.236677438293455,39.8954732977894,40.48560168044304,39.650122948795996,965287.0
2024-05-27,40.265308756304,40.3765216866055,40.54459332304729,40.18410071627103,332962.0
2024-05-28,40.212992367362126,40.05283602912498,40.219010540659845,39.74130222353083,675691.0
2024-05-29,40.370630756220336,40.36380742219821,40.610586904706494,40.06263023153082,4324753.0
2024-05-30,40.4720607996207,40.39021636509967,40.61826758068881,39.690211486269504,4437877.0
2024-05-31,40.29267351264306,40.28624466802322,40.366520112770125,39.835404690748696,2348136.0
2024-06-03,40.57478746840172,40.29004277509902,40.59219557006946,39.94048187120997,4235416.0
2024-06-04,40.615355965139315,40.76443517620514,41.25573071388307,40.57626474961655,186679.0
2024-06-05,40.74612960684959,40.57455988227014,41.07962127919407,40.181681395527534,4248125.0
2024-06-06,40.793760589687764,40.40336093780672,41.205209009529476,40.393134087606306,4668803.0
2024-06-07,40.81257431147042,40.89047849316124,41.025202368957295,40.29494161173552,543574.0
2024-06-10,40.71438672616488,40.82303514378124,40.86776981330674,40.61800940688885,4193039.0
2024-06-11,40.65859635647664,40.87462658370125,41.15946500381386,40.58357783697462,3467453.0
2024-06-12,41.07368677635426,40.3740399546399,42.27471589278163,40.14637070350515,4641853.0
2024-06-13,41.065381531246075,40.94663601825011,41.32736782245529,40.59101624250458,2019332.0
2024-06-14,40.81586314389201,41.02057750832945,41.21307099379737,40.56845037198295,3674237.0
2024-06-17,40.963377573065266,40.86759788024495,41.52643674772955,40.750971708668295,1479775.0
2024-06-18,41.07535729960722,40.91255891091733,41.153635690545585,40.726843419954236,375110.0
2024-06-19,41.35557657509589,40.91250056528392,41.77389855782387,40.836704300401294,3163596.0
2024-06-20,41.45989048895646,41.82154759302769,41.829023558481396,41.004979724400954,1547653.0
2024-06-21,41.48562580520928,41.55779447108968,41.61216579040277,41.03300461489785,3091173.0
2024-06-24,41.410610051385426,41.36257419285394,42.060327872571094,41.17392658199691,2957091.0
2024-06-25,41.413244254607406,41.07855359972046,41.62941837346605,40.8666126447836,2154697.0
2024-06-26,41.71931182519993,41.41307014108089,42.327797160106414,40.82127082872634,4004810.0
2024-06-27,41.493427439614365,42.08713447011519,42.19011799042064,41.31213731667994,4689315.0
2024-06-28,41.72413563031223,41.84398706403194,42.218547073033804,41.605432118445854,2459818.0
2024-07-01,41.77907740597393,41.61458259194645,42.60169898192536,41.48483480638014,4602663.0
2024-07-02,41.73667151208131,41.658946305946145,41.88415513594359,41.543466504431954,1736033.0
2024-07-03,41.52764415501746,41.44266925106917,41.80149907367275,41.04291434908004,3916872.0
2024-07-04,41.6790107840767,41.700239348969376,42.15920848850403,41.462703569812554,3153738.0
2024-07-05,41.67334751196017,41.52123170609723,42.05799855095653,41.38244687940962,1668344.0
2024-07-08,41.81960161379958,41.429515457262,42.390384146252096,40.940045412440355,2827255.0
2024-07-09,41.8988453792363,41.29955284307798,42.043501894768035,41.22088535539941,4623556.0
2024-07-10,42.40623160259061,41.90352357173336,42.458193312933766,40.98502285358235,3296331.0
2024-07-11,42.65993185678937,42.52424612870708,42.78284110397963,42.29843743590662,772620.0
2024-07-12,42.82758293483477,42.85113024210986,42.8521195603074,42.776472577532736,2947679.0
2024-07-15,42.646488163128794,42.803049178494,43.09915250198083,42.16358442058617,4054354.0
2024-07-16,42.34828597411708,42.437554385707514,42.757656185257275,41.917631567384,4290607.0
2024-07-17,42.4322297566406,42.36026106113967,42.64014415339414,41.882829454693926,2074267.0
2024-07-18,42.63246654295412,42.423026337043254,42.772474712444584,42.40314459201125,362236.0
2024-07-19,42.71694748101096,42.65262934867886,43.447778400450076,42.64206096740288,3150323.0
2024-07-22,42.612036245526994,42.83360864146169,43.19819410246794,42.06926130011918,2566850.0
2024-07-23,42.68801714763289,42.978306465627604,43.67913450277351,42.20362219847745,4589278.0
2024-07-24,42.722014646983524,42.85330219693541,43.04166624455135,42.13400297059594,4492085.0
2024-07-25,42.765266897665825,42.594616456247415,43.09861804722313,42.52559347904978,3375483.0
2024-07-26,42.863060458296,43.00742574125234,43.025726657737195,42.776064197946916,1160243.0
2024-07-29,43.17585493057157,42.84697949691245,43.47275104644947,42.79948191812706,4652129.0
2024-07-30,43.02291687199555,43.055703317954844,43.16396726723845,42.75138841023353,764716.0
2024-07-31,43.15301679905769,42.475545886454206,43.428673606988724,41.92348295159607,1672454.0
2024-08-01,43.205856166158426,43.24236353979635,43.66951609309703,42.800373237380214,511635.0
2024-08-02,43.39458230475559,43.290782136576375,43.77993896927267,43.01248730148592,3100748.0
2024-08-05,43.41355233166483,43.17698322944535,43.71573611604956,42.167101397025746,3457169.0
2024-08-06,43.78975296140945,43.39572530073911,44.17798243130096,43.37915709973909,4951880.0
2024-08-07,43.93878295408096,43.64718974305296,44.074216030024715,42.97370999878469,4829706.0
2024-08-08,43.72018246296703,44.29436183263704,44.61478540414744,43.667456153151434,3876910.0
2024-08-09,43.85476063934157,44.02233713299247,44.18318775392801,43.472932078432294,4528898.0
2024-08-12,43.929430348162896,43.89039797459498,44.24195680790991,43.540475403891975,128460.0
2024-08-13,44.15037465217915,44.2089438942842,44.26185961291417,43.903224643134266,2500004.0
2024-08-14,44.199070552245196,44.60124614938301,44.642604920487976,44.02136586699005,4644490.0
2024-08-15,43.93965064083203,43.95980293896029,44.20572265852928,43.165300120296166,830317.0
2024-08-16,43.75094297155694,43.84031957585647,43.887605171616045,43.64875677842736,843424.0
2024-08-19,43.789207595471325,43.83670111369073,43.96422230332122,43.064014698066735,1723751.0
2024-08-20,43.8337465148616,43.61740998330781,44.125939574327305,43.30741430122388,453563.0
2024-08-21,43.604305260686445,43.958222914792294,44.974730562324325,43.5359007753633,3417414.0
2024-08-22,43.98142361776422,43.89814371898071,44.15086961702322,43.21271413525784,3984478.0
2024-08-23,44.19526248455904,44.04645171310363,44.23126108668399,43.58451637887488,4642954.0
2024-08-26,45.29220661494387,44.01398787379038,45.9057738532858,43.77663067622107,4430795.0
2024-08-27,46.49065074783845,45.19767426468817,46.7939994289578,45.03147719107722,1775583.0
2024-08-28,47.540174642133145,46.84273212378885,47.629138462034156,46.82403895752954,499393.0
2024-08-29,48.51683070576932,47.50035717683852,48.785679051308406,47.31237146184609,1272543.0
2024-08-30,49.54329378932667,48.640269713080706,49.639298626233256,48.61186814896082,4219409.0
2024-09-02,49.42205870054134,49.898305767193925,50.07341471695077,49.2396171110132,417537.0
2024-09-03,49.249784854348455,49.311398667185635,49.408845778810885,49.0629694572095,4364504.0
2024-09-04,49.45025741456362,49.35956396675604,49.57978267539883,49.351705465509795,4269532.0
2024-09-05,49.33522234304493,49.52948891345994,49.58877110368973,49.200437834265536,4615162.0
2024-09-06,49.268770754400585,48.97080622452186,49.86295967808174,48.93157997598565,896491.0
2024-09-09,49.33825042458193,48.577603689166594,50.05886594869284,48.25766052093144,1736499.0
2024-09-10,49.22014882734985,49.11212483551012,49.22049558128388,48.544108095679114,3473417.0
2024-09-11,49.51746197126544,49.75925050341464,49.96900909469168,49.28981542397604,4618844.0
2024-09-12,49.55754326719522,49.02254739978639,49.754144056808265,48.639303884257764,467018.0
2024-09-13,49.84529318854014,49.782273310645394,50.0804260423939,49.77910687448782,2771447.0
2024-09-16,49.887052665730586,49.23407966887213,50.03509661960078,48.47321415783353,4781609.0
2024-09-17,49.14839679339164,50.135151853139504,50.84967755491894,49.09658366694985,4048133.0
2024-09-18,48.77399785015448,49.07951200551068,49.16674042220263,48.77184537183586,1853578.0
2024-09-19,48.62308747045401,48.51797535963892,48.86294685648141,47.88239384127837,4707092.0
2024-09-20,49.067870451816205,48.34770601689858,49.32856899560754,47.56725627990996,422965.0
2024-09-23,49.25826426248027,49.257175075686696,49.86305454061197,48.758042058438484,3020577.0
2024-09-24,49.49979682177284,48.724959637840826,50.539054278984,48.620589871762675,1182068.0
2024-09-25,49.59012269877204,49.526735332329146,50.25960567786328,48.9926900924239,2490418.0
2024-09-26,49.665873847844324,49.772175528812646,50.3253876352383,49.45926908449309,1097684.0
2024-09-27,49.58687349184029,49.38257073836298,49.62321615058652,48.466020642499004,1847304.0
2024-09-30,49.925900404566654,49.78836674025545,50.854240448448074,49.69102445909898,1091331.0
2024-10-01,49.54684710044724,50.242620213112275,50.789656582352485,49.414438224890965,1391047.0
2024-10-02,49.73205356986018,49.42189798441254,50.32313219670626,49.298038156855085,2219764.0
2024-10-03,49.59273968211811,49.5421745518761,49.72519095141213,49.36599617715734,4395700.0
2024-10-04,49.72217137803964,49.30655618485156,50.5380354243218,49.09001196925928,766289.0
2024-10-07,49.734639670694015,49.65029837375177,50.02571248547752,49.577905211166815,1363308.0
2024-10-08,49.59034091065242,50.076873809435405,50.30382978650141,49.46603256429593,3497389.0
2024-10-09,49.152530185949196,48.986189701023925,49.33929414429084,48.71251069804566,3302499.0
2024-10-10,48.933115636666415,49.31090988676315,49.705218555214465,48.65318802132586,3085032.0
2024-10-11,48.98593213671191,48.96036765909794,49.10228001115855,48.76595720804993,1927535.0
2024-10-14,48.88200798735071,48.774169305833965,49.10372100873027,48.687488092140676,4577380.0
2024-10-15,48.991082784933596,48.67818624357773,49.06666885904401,48.65590037110382,631568.0
2024-10-16,50.08359378320549,48.5261435377826,50.557980594966885,48.157079603287634,627970.0
2024-10-17,51.22249843836229,50.23150755723216,51.92812881915733,49.81786404659399,1181993.0
2024-10-18,51.92572858571138,51.404861788421094,52.35859393536136,51.15394530022082,4103166.0
2024-10-21,52.79718369705834,51.631222743811435,53.00752620946919,51.18191355765981,4125148.0
2024-10-22,53.98705802233313,53.10021684579678,54.32776799274182,52.931271585140465,4997671.0
2024-10-23,53.9172035850671,53.919767068455215,54.075926360756306,53.84698284635873,3969949.0
2024-10-24,54.05384837497615,53.2907352480743,54.1375748864277,52.60249171092887,2735051.0
2024-10-25,54.09961536723146,54.268731599829586,54.92891119948121,53.31341549708727,2454318.0
2024-10-28,53.60929777435122,54.33172542366949,54.758798236790575,53.41931746546355,4251376.0
2024-10-29,53.712251244049035,53.731093180475966,54.126306529454695,53.312030538883626,2212583.0
2024-10-30,53.671717716728125,53.113613413482334,53.94557574413202,52.37395400106853,215958.0
2024-10-31,53.93331124968163,53.743727844443015,54.37136965488561,53.65386693778271,3112429.0
2024-11-01,54.098904618176554,53.885562782429375,55.052855134193216,53.612543795117716,904845.0
2024-11-04,54.18239998225934,53.952184779187256,54.74536994984466,53.74180344331153,2699705.0
2024-11-05,54.41886479510305,54.10907582818926,54.63214779395137,53.60654556714056,404176.0
2024-11-06,55.07182818066408,54.33802515036165,55.23331579700025,54.194359597445874,1177729.0
2024-11-07,54.961724466845,55.16130154335049,55.71393129548394,54.52221002951493,2606573.0
2024-11-08,55.086551776690925,54.9090788217247,55.80814933142303,54.58338554618702,1472184.0
2024-11-11,55.21104201436933,55.2866121146419,55.50262332742227,55.184081329446315,1626135.0
2024-11-12,55.513520567353275,55.48588511606924,55.57921612376714,55.4374391227214,1360006.0
2024-11-13,55.380306840687695,55.28825646350582,55.50474932710856,54.87481865531578,3208379.0
2024-11-14,55.48561130782898,55.28844869027697,55.88922911041921,55.270222811194685,3343145.0
2024-11-15,55.63042309870283,55.644047189448266,56.230411596364846,55.49130476129649,2331283.0
2024-11-18,55.7385851238784,56.03481869178286,56.315194821429394,55.54396806199533,3634972.0
2024-11-19,55.88234346807633,55.468355351904954,56.00833258785677,55.38606393374956,992239.0
2024-11-20,56.36177685682844,56.28983614757619,56.404999960005654,56.128118551853035,4049415.0
2024-11-21,56.31837721433077,56.276020251023304,56.9448501130361,55.654343255445404,3802259.0
2024-11-22,54.72858670761721,56.5954339154623,56.61344648826142,54.20512832779684,1607982.0
2024-11-25,53.35162727934231,54.42514303505045,54.759046289485624,52.797158356318846,3266823.0
2024-11-26,52.387057065427236,53.63610076023827,54.147404401302246,52.21909145624454,4409096.0
2024-11-27,51.424947866577035,52.803672811573044,52.95290462413802,51.381762617612814,3095103.0
2024-11-28,50.69906847598859,50.9365548618426,51.18758908272038,50.693780243163964,3765883.0
2024-11-29,50.57440504913309,50.904312279865614,51.50980764805288,49.54700967214802,3669425.0
2024-12-02,50.8059525116367,50.482007179174204,50.820497561867,50.023693731601576,4804087.0
2024-12-03,50.82136493914834,50.657215117499376,50.95528302054235,50.34123320760493,3948755.0
2024-12-04,50.82854686078639,50.490497236106684,51.031548186998364,50.357853843057285,1105115.0
2024-12-05,50.44064919273495,51.27432911343461,52.375399507030764,50.20367779645073,4418749.0
2024-12-06,50.24019841468868,50.321256115799535,50.35238605338637,50.08816933725761,4355756.0
2024-12-09,50.152571228806146,50.784010412051984,51.101344343537825,49.49838598798688,1877173.0
2024-12-10,49.85278457226012,50.20306460521126,50.52334123582301,49.225983074665564,1815586.0
2024-12-11,49.32236104033819,50.13009464927545,50.1559100972647,49.213215360644334,3649229.0
2024-12-12,49.67143313929519,49.329124520657274,49.68876642999168,48.86004574225625,2983424.0
2024-12-13,49.921308590428445,49.5643806830003,49.925983170575655,49.440739879245676,4843728.0
2024-12-16,49.7231667275558,49.99470509154177,50.25912522271793,49.715609375514404,2052601.0
2024-12-17,49.922517964098894,49.75085950985656,49.93387623123679,49.564902192260504,4367827.0
2024-12-18,49.54643684617769,49.64740596498517,50.04234858619063,49.29420363552359,2721737.0
2024-12-19,49.44236210926005,49.75723076142939,50.34468709120829,49.373004839686686,1366232.0
2024-12-20,49.637926844699265,49.32122240208299,50.30147236403659,49.17782388183682,2855784.0
2024-12-23,49.5492279818856,50.13631896256476,50.41110149099322,49.35716804382417,4059916.0
2024-12-24,49.209830208720426,49.457517203590996,49.70833062181031,48.963773675601196,2485133.0
2024-12-25,49.413089175338065,48.83257662270984,49.47261798720697,48.77868957081859,950317.0
2024-12-26,49.58406625354204,49.953345590393184,50.32955336164687,49.396680654029886,842766.0
2024-12-27,49.67699498086457,49.52565682323389,49.904806423631065,48.99586744624734,2087224.0
2024-12-30,49.4895004114617,49.512170985184554,49.83336411146053,48.54815594976085,2927221.0
2024-12-31,49.50574188043017,49.21970916979974,49.64274685371172,49.005171527128894,2238504.0
2025-01-01,49.25899749437921,49.719499863335116,50.3425541518808,49.080423865025494,1823930.0
2025-01-02,48.65758197230728,49.34646675519455,49.41398265180109,48.33893008274837,4866851.0
2025-01-03,48.86929236802777,48.78788546769486,49.00963272615397,48.66951856046858,376076.0
2025-01-06,48.88985068795647,48.85687447756591,49.35879223075918,48.02045699969024,1909104.0
2025-01-07,48.959230312954055,48.9004971499467,49.43885030081511,48.79539983795484,839036.0
2025-01-08,48.84199001675062,49.24793235101445,49.313624033632344,48.79660124182349,4783578.0
2025-01-09,48.93604111617895,49.01541625857478,49.29943002472131,48.187767788673185,1410313.0
2025-01-10,48.78720822014857,49.202106724324445,49.74976962601008,48.6801057143128,2386921.0
2025-01-13,48.74220023977469,49.1333315497919,49.28500597631719,48.60712152756638,685508.0
2025-01-14,48.82668083117519,48.831929716223456,49.47536062256859,48.10824661871135,3224628.0
2025-01-15,48.94984699124414,49.07721242801561,49.09356237953708,48.85816517029522,966617.0
2025-01-16,48.92907108367144,48.908090489416246,49.21391356309324,48.602118926575045,4764817.0
2025-01-17,48.81743530482292,48.59998958963114,48.81817126749675,48.30697872632848,3146519.0
2025-01-20,49.140971116490256,48.87097767379992,49.23745759645755,48.48350676824577,152645.0
2025-01-21,48.95771696427589,48.94574267262787,49.054993751226945,48.74103716944793,4069052.0
2025-01-22,49.015917178477906,48.75733657953785,49.384303551053996,48.3505770913275,4114498.0
2025-01-23,48.86746286152132,48.630419779693284,49.3768594150358,48.595589845252704,1105003.0
2025-01-24,49.0891072575953,48.977174217447335,49.35259564755427,48.57368288251838,3801479.0
2025-01-27,49.3366277558266,48.91707089516817,49.38585854244623,48.89457644193832,4253856.0
2025-01-28,49.27263808679141,49.22375808092372,49.304634663871084,49.09580040568898,4373917.0
2025-01-29,49.984424094436726,49.36956612954916,50.25680592246824,49.0201428050956,3777590.0
2025-01-30,49.78537415747686,50.18352265766947,50.86509282237879,49.57029938222172,270213.0
2025-01-31,49.847487566858156,49.74173277180881,50.380382182785134,49.28917154502108,1463966.0
2025-02-03,49.9649922973431,50.022233665182235,50.33100236630173,49.769951149305264,725548.0
2025-02-04,50.12163003331443,49.93827973403685,50.36934524002235,49.89844521596197,1917560.0
2025-02-05,50.03402347214484,50.14670963760346,50.14855581239829,49.226292746755874,3301653.0
2025-02-06,50.277588068056765,49.9290555358859,50.556757943771636,49.862376817692486,1404658.0
2025-02-07,50.493209666742274,50.370923531775865,50.819553979075266,50.36229331369758,862452.0
2025-02-10,50.64024881275958,50.41880778772637,50.80100306766945,50.351373233121016,4007670.0
2025-02-11,50.4867000878856,50.84110043690248,51.0875345024389,50.2460187793399,4126550.0
2025-02-12,50.71436128970501,50.32113518808848,50.73043773728873,49.80992647135883,3048340.0
2025-02-13,50.98657084871077,50.74109165996407,51.645390299159025,50.723701620670326,3647674.0
2025-02-14,50.807549064930626,51.05984852732993,51.20754748991827,50.58407647361202,4651841.0
2025-02-17,50.99391493806703,51.11781380303088,51.813118859844934,50.92521989529788,3730038.0
2025-02-18,50.98943056562158,51.08439680046671,51.794739184804854,49.888428690385126,3059886.0
2025-02-19,50.93969764627465,50.94713836375774,51.087238995147004,49.99242275366353,4971692.0
2025-02-20,50.944654643548276,50.92443280068585,50.99470416798952,50.558804848986334,4774073.0
2025-02-21,51.045784009961935,50.646456125902176,51.33064324140699,50.405836812116284,2121941.0
2025-02-24,51.529089171944655,50.490323871870885,51.600287865510275,50.291436567554726,1254011.0
2025-02-25,51.48478649362369,51.27290188316259,51.81152208579651,51.14590641579869,437479.0
2025-02-26,51.58849212480075,51.83198434143513,51.95387149200359,51.23336366190513,2385782.0
2025-02-27,51.53131488826121,51.046254345622046,52.00626328391489,50.20078957165269,4819807.0
2025-02-28,51.620678091243796,51.745127173007965,51.96772493671561,51.276115628250906,1333407.0
2025-03-03,52.630387345001274,51.77844843017296,52.75151476011722,51.65803677830108,4320814.0
2025-03-04,53.565095906882256,52.276639987262705,54.327433148306774,52.2519186461142,1053091.0
2025-03-05,54.95517213598278,53.61393518230582,55.041597851878834,53.1595086601521,2913988.0
2025-03-06,56.38711320904633,54.95731398221519,56.403763629012055,54.843002140827096,4648730.0
2025-03-07,57.09956592581824,56.375193112751816,57.26268889569861,55.861784915032345,4815438.0
2025-03-10,56.93048533806216,57.10435149026534,57.218330045402936,56.77345487597832,762506.0
2025-03-11,56.596821441331954,57.295879735818374,57.73371994483551,56.5370622610506,858682.0
2025-03-12,56.19346604336739,56.37492288018721,57.00669669834744,55.74277999076069,4177292.0
2025-03-13,56.35908477593117,55.97510867635063,56.565438583443665,55.9586209498897,3202324.0
2025-03-14,56.33476878125017,56.4338723328616,57.081385210971206,56.15917887797877,4817920.0
2025-03-17,56.4800104841435,56.18948077179843,56.78750373495222,55.50838900790051,691710.0
2025-03-18,56.557086407228454,56.459263325512325,56.85127388186563,55.76024205403252,3229303.0
2025-03-19,56.3907405908742,56.193482853753856,57.24606198225442,55.92930339776842,2092528.0
2025-03-20,56.05840917564665,56.18403636525725,56.5357267327345,55.787797268167964,4994402.0
2025-03-21,56.50897330622174,56.34686268090689,56.58258525689466,56.19545471857252,4163464.0
2025-03-24,56.82812530639425,56.704226905993885,57.028246396492435,56.16996492334359,1407530.0
2025-03-25,56.125380624696135,57.34407226365503,57.691373358115996,56.07742543367332,148416.0
2025-03-26,56.02527590117239,56.46123614450419,56.72492783179664,55.596452385378164,262521.0
2025-03-27,55.828352000079605,55.75192727537697,56.38028554188352,55.58701866533595,519021.0
2025-03-28,55.83528016958235,55.8458412360898,55.92786435947032,54.624904353003565,3469355.0
2025-03-31,55.6371369670562,56.434798321845015,57.49924044377122,54.80632197000086,3668316.0
2025-04-01,55.798222464140295,54.87678472443957,56.012143100577376,53.904571917734536,1145667.0
2025-04-02,55.81832468617376,55.23630612920244,56.11939313898768,55.13766644336571,2329118.0
2025-04-03,55.94547723559215,56.2308151574165,56.60034483454652,55.367563806761,4587041.0
2025-04-04,55.631499363542765,55.76582415298299,56.20279651128437,55.447552727029496,4094054.0
2025-04-07,55.419664893174954,55.22817954679118,55.808894055476195,54.94936389211284,508888.0
2025-04-08,55.74191394530953,54.945707231267804,56.87215489408216,54.90142068434739,4734959.0
2025-04-09,56.280728783725685,56.03846547539067,56.8127002813607,55.75819164340546,352304.0
2025-04-10,55.99961282510225,56.12533240144041,56.39514433781916,55.25992485923934,3239566.0
2025-04-11,55.9796567035696,56.21353928588118,56.35376261041975,55.644814182783605,3493182.0
2025-04-14,56.5453347570718,55.98110532568642,56.751733003733335,55.31935388398649,4097371.0
2025-04-15,57.01015811471131,56.59664447761344,57.063274412215144,56.12522647425265,4961849.0
2025-04-16,56.62188871133698,57.32196649425449,57.956651094345936,56.48373925621937,1957780.0
2025-04-17,56.49261857005695,56.121825827079455,56.73422757427357,55.57709145613629,1406915.0
2025-04-18,56.530115297182874,56.97131444441323,57.42532773892623,56.0964705608897,4309643.0
2025-04-21,56.87116429020259,56.45097099316977,57.50367202388496,56.443311471927046,4177665.0
2025-04-22,56.58315973547168,57.351440209957666,57.52125142221202,55.95201602655805,3399264.0
2025-04-23,56.67230703273042,56.850311936261186,57.04913359757441,56.33921597372168,1333154.0
2025-04-24,56.792793505854284,56.64473243627832,57.15728927697539,56.541723823176895,1967560.0
2025-04-25,57.042995298212915,56.71679103034248,57.91336523257225,56.63208858649947,4050170.0
2025-04-28,56.81346121028577,56.87765295985436,57.25807175358967,55.9708217723985,1272678.0
2025-04-29,57.22190008095387,57.1879410156465,57.859609799634015,56.82706764571527,2136173.0
2025-04-30,57.16294896903979,57.240520720886536,57.682715198740794,56.87644633029079,2353384.0
2025-05-01,58.23419397638982,56.97284844324979,58.953642140064844,56.810656327050324,3343353.0
2025-05-02,60.10881396291721,58.19981412739672,60.97674902786165,57.89804632064024,2698904.0
2025-05-05,61.096589680829744,60.13360495400134,62.45611337980593,59.82756890906928,3892317.0
2025-05-06,62.72103474686384,61.234428243727216,63.143317593491076,61.219277978558544,1841716.0
2025-05-07,64.23504298508419,63.08976431936587,64.6749066126227,63.08685231582713,934742.0
2025-05-08,64.41905942025005,64.08335346986287,64.96461437336039,64.01854346979013,3829678.0
2025-05-09,64.59677443901485,64.24475086631669,65.85320276721707,64.05313672146961,1401576.0
2025-05-12,64.26729352102315,65.17313528567287,66.2278348961604,64.22863588852847,3968981.0
2025-05-13,64.47248670004772,63.92485608796901,65.2968700441469,63.65350241167607,1630178.0
2025-05-14,64.44368036299313,64.59376261114595,64.80397150855916,64.36972505860209,2692932.0
2025-05-15,64.43093585724323,63.91645708615951,65.16412261680554,63.525585553241655,1508863.0
2025-05-16,64.30410280959318,64.45329993735278,64.5028483333941,63.98024988578114,4319107.0
2025-05-19,64.2797892023696,63.72269417699308,64.82878838027044,63.64447969318427,2657182.0
2025-05-20,65.1264295499813,63.922901879676964,65.44928999926626,63.446306728685315,1517105.0
2025-05-21,65.06526083100212,64.80374834182108,65.9522886744391,64.33463945928392,4813311.0
2025-05-22,65.15198291098402,65.3833149178374,65.58772201691336,65.06759712562318,2462024.0
2025-05-23,65.00461656099695,64.68183088679817,65.850164403188,64.62163360489197,2448910.0
2025-05-26,64.95066778862352,64.88426677630184,65.60439875647594,64.24171318095416,1202588.0
2025-05-27,64.82672430514897,65.34618030938091,65.61884633216997,64.20687988895321,3381719.0
2025-05-28,64.87203108896009,65.08001070976871,65.49876075173917,64.3450660034043,2960355.0
2025-05-29,65.25416464350327,65.00525733431287,65.68966449712825,64.58109732214757,3142703.0
2025-05-30,65.36039515708221,65.0482920301178,65.80704531006236,64.34217195129825,3562260.0
2025-06-02,65.30278385250253,65.32113329884417,65.86311746180604,65.12692568740546,3905120.0
2025-06-03,65.01207753470344,65.2636766093733,65.31495931003559,64.12385994067839,3033371.0
2025-06-04,64.91988618159222,64.75672592578744,65.02263310489613,63.981589413146196,155766.0
2025-06-05,65.25338973287761,64.66120981603528,65.79810946289071,64.42727900936784,4806982.0
2025-06-06,65.65238540405194,65.30638062300052,65.87557787836046,65.30291702734519,1520973.0
2025-06-09,65.83199510585058,65.82207134329079,66.5160656847782,65.41235319578027,3107346.0
2025-06-10,65.72195018963913,66.1383812303835,66.58988968842849,65.17685987602036,307874.0
2025-06-11,66.30566490536698,65.63131844184541,66.8200725255194,65.12013673254934,3996292.0
2025-06-12,66.08911838097582,66.35530081903175,67.3814808004505,65.48035266183193,1108549.0
2025-06-13,66.45756751451754,66.43491118020458,66.61468253577043,65.77114943718757,2583888.0
2025-06-16,66.42414215184299,66.77449663048898,66.99816164728277,66.20291093057946,1173596.0
2025-06-17,66.32543082241375,66.43408425252774,66.4913602457109,66.24375570277316,4447451.0
2025-06-18,66.4219285205238,66.96924214823983,68.25437967791032,66.12330273045139,588525.0
2025-06-19,66.01449655083408,66.5717110084049,66.85176719853403,65.25330216141758,2593091.0
2025-06-20,65.69151494162368,65.5481881377938,66.45630247960193,65.1733433941498,754890.0
2025-06-23,65.82358233151203,65.9119088942061,66.23695585031068,65.64348845787126,2801900.0
2025-06-24,65.98296438476525,65.8212159980799,66.30675883842977,65.57603833192852,4211299.0
2025-06-25,66.19055487293,65.78816269382351,66.48720129014046,65.3042334629663,4698624.0
2025-06-26,66.26484239771014,66.32654790147927,66.45288843178392,66.16111914780484,2226111.0
2025-06-27,66.32706935028975,65.77434952954165,66.41529398231533,65.0434810263421,2498356.0
2025-06-30,66.3632425360183,65.82783574912146,66.37877028324206,65.30314262936952,3477537.0
2025-07-01,66.25604059429429,66.2969945489995,66.99442741387323,65.39597058488883,1926067.0
2025-07-02,65.92172808825826,66.85952199542362,67.41191105589309,65.47683014966434,605771.0
2025-07-03,65.71115379728323,66.06105335230784,66.41501523852472,65.58754222411886,188887.0
2025-07-04,65.66176237729488,65.59320721351736,65.96173949736831,65.08692024367826,346909.0
2025-07-07,65.29829305132282,65.73357521382894,66.1637163100149,65.19267431343286,3400832.0
2025-07-08,65.4685109863408,64.6518365120791,66.10695462642641,64.3547142144242,2129883.0
2025-07-09,65.01271744530388,65.51978439163717,65.95621209693581,63.78199395453433,1392047.0
2025-07-10,65.19608794960631,65.19246772610008,66.00465129789137,64.77086772211322,4364102.0
2025-07-11,64.85151447896405,65.11135134407021,65.45738370172393,64.49015918135822,3682809.0
2025-07-14,64.70147033099913,65.35448256151903,65.51461124290775,64.3135963529001,3810610.0
2025-07-15,64.36674410051307,64.7514902265946,65.19114924040429,63.90093988541312,3704608.0
2025-07-16,64.2343584718084,64.2829223423021,64.73332452398822,64.1019707933939,3596445.0
2025-07-17,64.19633544086699,63.929172868353966,64.44038083164418,63.678907616539256,253799.0
2025-07-18,63.73558840053086,63.95632085466076,64.13500302211683,63.615443005421405,2512045.0
2025-07-21,63.84132994374533,63.34723312198991,64.33494876418577,63.08648648982261,2094098.0
2025-07-22,63.74836229281561,63.74119940713258,64.80452858244708,63.61021403406732,4969347.0
2025-07-23,63.66209408873639,64.33475610468122,64.78114186660466,63.65286467898743,249301.0
2025-07-24,63.7492982212263,63.52874539712048,64.22101268585965,63.275898068968075,2489089.0
2025-07-25,63.42317380464479,63.419099739784365,63.79634960749698,63.00961706412874,4866630.0
2025-07-28,63.51763051958942,63.242921449447145,64.64209039269487,63.21222730882357,2744209.0
2025-07-29,63.52878376181702,63.79725099419661,63.85158195442417,62.744235767412036,314810.0
2025-07-30,63.82489576682789,63.65679993316122,64.17469755456344,63.287019914091026,2096994.0
2025-07-31,63.89285975909933,63.744991279522125,64.46274083082693,63.375698510342964,3049761.0
2025-08-01,64.03299161294183,63.974678777045646,64.60772726417876,63.55019811149469,3453574.0
2025-08-04,62.35152544006468,63.7580911157156,64.31634948161683,61.80919558334985,1778191.0
2025-08-05,60.84620260676794,62.16303133156358,62.539666060623034,59.93686281374935,2379136.0
2025-08-06,59.85729530390789,60.38474238674591,60.59453785110816,59.45205937915433,2196333.0
2025-08-07,59.11127581574066,59.87177095418561,60.68988693448074,58.9718058641452,3369957.0
2025-08-08,57.67297057535794,59.6400641911315,59.85564299652782,57.15033085611671,1963986.0
2025-08-11,57.483772531152894,57.25719042785247,57.649527130238845,57.0330254105546,1925935.0
2025-08-12,57.96845797017368,57.19044770329443,58.293965948783,57.17011367314229,400892.0
2025-08-13,57.81141386745811,58.60575708728737,59.47287155750893,57.004792775242365,624168.0
2025-08-14,57.9763815547095,58.25713462094966,59.30590035464995,57.866943602676436,4531184.0
2025-08-15,57.86167625796165,57.76458926609376,58.047983789086764,57.24693739135991,4720036.0
2025-08-18,56.40597421681911,58.17609103276466,58.54289709490946,56.2376682811449,4757354.0
2025-08-19,56.589701952164404,56.528538494190194,56.82103408614694,55.90582072742352,511317.0
2025-08-20,56.42609372642511,56.7142830826098,56.72328323869323,56.32932009408879,3474966.0
2025-08-21,56.328483958942925,56.269056198920794,56.398026468216294,56.24936024686656,2703522.0
2025-08-22,56.49618580177137,56.40592300796021,56.74779598288204,55.85394418230719,1996405.0
2025-08-25,57.64037167363397,56.75694605693283,57.79878540200913,56.740730932447896,2681094.0
2025-08-26,57.22403978434909,57.704570860706916,57.776364879059884,56.90743712976092,1736477.0
2025-08-27,57.224066999365256,56.89710414197549,57.68581335044037,56.600411027432266,1098471.0
2025-08-28,57.522403198854114,56.7731364931081,57.76475170890016,56.76237878967836,3995244.0
2025-08-29,57.770162227359165,57.87622490966345,58.0739183988287,57.64337032219052,3779040.0
2025-09-01,57.47433347679954,58.180244723211906,58.50929431147273,56.91856122616944,3301350.0
2025-09-02,57.4624154497426,57.763633926225644,57.95003455728642,57.115231946220995,3437422.0
2025-09-03,57.55569025799632,57.34543248583483,57.93472432095069,57.08244482223468,3525766.0
2025-09-04,57.679058548498126,57.26230221560462,57.94392845263376,57.027207602602566,3759469.0
2025-09-05,57.361008696871245,57.96443133552695,58.1528308105182,56.79373679063009,962916.0
2025-09-08,57.60124740345531,56.89038544675562,57.63346572955192,56.862830964223015,2965516.0
2025-09-09,57.18713049781495,57.10482202617726,57.2957371258654,56.86977618386557,3202515.0
2025-09-10,57.21296332116211,57.384748225389544,57.62092251988377,56.93041775720393,1120939.0
2025-09-11,58.8535709878148,57.08582735742189,59.44193323170943,56.96932913965152,2899113.0
2025-09-12,59.795519555216345,58.67831686000131,60.67432014803011,58.57470773878454,3813107.0
2025-09-15,60.78406092152502,59.579996675024375,61.38140441842517,58.537936399764305,1723844.0
2025-09-16,61.946820337171964,60.92526904364815,62.34313039721805,60.750131739364726,1537229.0
2025-09-17,62.83460259153493,62.109359441581326,62.8857718249212,62.09276918472483,1062405.0
2025-09-18,63.114227229371274,62.97290506736696,63.96210276585053,62.938776574164685,3372656.0
2025-09-19,63.38873904958602,62.82835014765058,64.10609084948115,62.48358294850804,3757617.0
2025-09-22,63.499234968196035,62.76407667659812,63.625324600868865,62.55809587764859,2124695.0
2025-09-23,63.105720369667,63.3269263175405,64.39191875360675,62.340054722252326,545580.0
2025-09-24,63.009950073851556,63.21280514930133,63.26710328941388,62.75426345465885,1916940.0
2025-09-25,63.02697807113066,63.1879583747039,63.55484782352071,62.73538451393187,4375903.0
2025-09-26,63.30528541612542,62.86831508451393,63.70104622244499,62.7521396622622,231453.0
2025-09-29,63.332929977971645,63.41452027738877,63.82598949705152,63.027979270688554,3239260.0
2025-09-30,63.19809771259099,62.970304870642416,63.463727642602045,62.67150175834805,2808645.0
2025-10-01,63.53784964966895,63.48265041502144,63.96344005222808,63.16616836930495,4728895.0
2025-10-02,64.12484336620096,63.41721040325149,64.76887452406473,63.08311663208851,1658481.0
2025-10-03,63.73772268483878,64.01648513438592,65.06024767515346,63.17988165016837,2269798.0
2025-10-06,63.451015513873756,64.07890511300299,64.58960056750138,63.11234983060162,2308964.0
2025-10-07,63.28547210242666,63.18957233392298,63.64822664484558,63.10825186167098,3869899.0
2025-10-08,63.510042443841286,63.39464493483079,64.33629684603686,63.06502042483715,1434093.0
2025-10-09,63.90704338255587,63.14437871683538,64.41214045903702,62.87747083134202,2927932.0
2025-10-10,63.45043028598967,64.12795446995375,64.44027321167701,63.450349773894175,1375142.0
2025-10-13,63.36904499441341,63.827997580844986,64.09597731890084,63.35039235719586,898405.0
2025-10-14,63.545532409566576,63.1809838266165,63.97304487702696,62.99048578552866,3654563.0
2025-10-15,63.89959525907667,63.378172252374064,64.25692749455274,63.045072027988674,2673491.0
2025-10-16,64.00551154625482,63.87619422968812,64.30544362649225,63.33917597207812,1609237.0
2025-10-17,64.01184110526884,64.12467929126917,64.4365071869011,63.185925381616,3112714.0
2025-10-20,63.98229922906701,64.21357232244223,64.6442825614568,63.574982204934585,4843539.0
2025-10-21,64.04896113443353,64.30650014615958,64.33681399257296,63.450890493957715,4621816.0
2025-10-22,64.02818015625914,63.83794256614555,64.14879676398631,63.77078651846216,2515513.0
2025-10-23,64.11649447792561,64.44974417871269,65.67630288613574,63.70802274182998,3139244.0
2025-10-24,64.25951820458225,64.39681912621208,64.42391245972871,63.30999042809664,2833607.0
2025-10-27,64.35334086364145,64.69511496914973,65.40261782636072,63.79820127698441,3201411.0
2025-10-28,64.13151763656766,64.3893411825654,64.79931263302225,63.60381572778812,441909.0
2025-10-29,64.0611822901636,63.97783558747466,64.8349984474777,63.613968437575444,2721275.0
2025-10-30,64.21930183481999,63.365475515044125,64.9611992735144,62.5641318208753,852113.0
2025-10-31,64.2233314574478,64.3510557594116,65.21768630456995,63.59498364346306,2007401.0
2025-11-03,64.15074982149271,64.46753940869955,64.57887820862659,63.92892163116171,2342502.0
2025-11-04,63.40919264492524,64.51594542396339,64.86728065031481,63.22614126593724,1356407.0
2025-11-05,63.34939831744726,63.72863004041501,64.37790769962481,63.01257422645098,2769195.0
2025-11-06,63.12954432606745,63.692172990110556,64.80256106266674,62.66117525912585,1852658.0
2025-11-07,63.40862479946989,63.41909824096146,63.42662405412299,63.230252972896615,2151476.0
2025-11-10,62.23525270922736,63.5096402693424,64.12130948375865,61.826062050461026,1057557.0
2025-11-11,60.22503996923479,61.517534975184425,61.90453896157934,59.50683812682594,2514348.0
2025-11-12,58.69878390751443,59.815083389947546,60.35731979183639,58.320279532253785,3542925.0
2025-11-13,57.35959815811145,58.291517905628254,58.29608135777143,57.19529903667397,1473307.0
2025-11-14,55.88410341769332,57.39814972737301,57.50436029007478,55.6698105612691,2583115.0
2025-11-17,55.72283865030321,55.78254655194283,56.54022043142203,55.59215411923249,4943501.0
2025-11-18,55.57962777888239,55.86480645738486,56.41486066408108,55.53391563435892,2067660.0
2025-11-19,55.31982325592447,55.459661702120194,56.16705800314282,55.17114673905703,4628756.0
2025-11-20,55.09623861938016,55.42250373396377,55.67730310858552,54.669281091588644,2272199.0
2025-11-21,55.13628661231515,54.851495495580714,55.75684482092684,54.27325286716648,2329132.0
2025-11-24,55.59140743389251,54.84567709820007,55.98444303020116,54.61543173560399,1796023.0
2025-11-25,55.45570018927117,54.999235583498766,55.56161601777959,54.78236334371281,2552833.0
2025-11-26,55.31011589902494,55.58575288767711,55.91779635158106,55.19175287976398,2495313.0
2025-11-27,55.18125678241139,55.567653137400406,55.604599911334,55.02226549788344,1380236.0
2025-11-28,54.89706008474116,55.358397698795024,55.69486934202311,54.838899087830896,1776022.0
2025-12-01,55.28871457697618,54.765577076676415,56.11158151521421,53.93363360921974,208247.0
2025-12-02,55.50174318492556,55.16091723101047,56.40688553009857,55.10784534498192,4285413.0
2025-12-03,54.86911495228206,55.88958057401883,55.96492888472414,54.75093680693606,1322351.0
2025-12-04,54.65712622873357,54.627307137574476,54.74361727066308,54.18446414525442,1884966.0
2025-12-05,54.31688197238061,54.547180729379086,54.56768561796262,54.1591085272256,1702763.0
2025-12-08,54.40632924645569,54.098223957761874,54.708210473184145,54.04931319462045,602756.0
2025-12-09,54.406290869972096,54.46277473642093,54.63145280211572,54.09696688717363,4696838.0
2025-12-10,54.310359027415,54.007997339323616,54.40100849624236,53.658889591446304,2714572.0
2025-12-11,54.59087713854916,55.06678241812409,55.574903500377786,54.11472835913946,2311642.0
2025-12-12,54.93861261978551,54.5282361102905,55.23894085936323,54.446465494374074,1556539.0
2025-12-15,55.20700636947041,55.210015353785366,55.91181511946277,55.047435545122,4868843.0
2025-12-16,55.07897777007965,55.14061397753408,55.914642694816976,54.45352778637416,4635084.0
2025-12-17,55.22139153410112,54.97169795269576,55.51326657369627,54.55917832664761,4998814.0
2025-12-18,55.318841549638066,55.17427517856918,56.29348313626701,54.64446468686247,2878555.0
2025-12-19,55.22704935046338,55.393806895702454,55.60148664075174,55.129251188135555,2689276.0
2025-12-22,55.29621882699635,55.362138390916705,55.662293745519,55.039827834595705,2555999.0
2025-12-23,55.46948626980185,55.214228265267856,55.50568410297104,54.99683800338108,4083115.0
2025-12-24,55.65325814479816,55.549488354834,56.5065904843035,54.98896766314832,1530752.0
2025-12-25,55.74778478110862,55.76828590455529,55.9316625102972,55.27840663349569,1656570.0
2025-12-26,55.33188692315419,55.6996337514443,56.037932372921034,54.99601487962318,1182638.0
2025-12-29,55.1180340177189,55.018418430111105,55.285277494377254,55.00912511152873,1641481.0
2025-12-30,54.687892407485215,55.337364814772364,55.5455057480571,54.53737597670771,2933343.0
2025-12-31,54.940133218873655,54.64677712303319,55.062836854209365,54.38075749891618,4150534.0
2026-01-01,54.81524010695162,54.66449239463564,55.238998794703505,53.91686720296072,2155704.0
2026-01-02,54.95006157178547,54.672064117415246,55.18889141268496,54.636669273341425,3669918.0
2026-01-05,55.15888206750113,55.090342099607064,55.371939058719356,54.59089766284237,243099.0
2026-01-06,55.48896458422439,55.37689296597149,55.93016098815703,55.352206648906176,3323815.0
2026-01-07,55.42036466856618,55.759370281730725,56.360478536649744,55.205188263023025,980598.0
2026-01-08,55.681020685340236,55.48146540853029,55.83151804765356,55.34319064067767,3460447.0
2026-01-09,55.89408236375549,55.59315974353765,56.05978005114219,55.56409105738498,4839210.0
2026-01-12,55.9217828313888,56.11498277307368,56.33470771291972,55.91903257969393,2152041.0
2026-01-13,56.013214134626196,55.67145560185211,56.24357974386558,55.283624467896665,3324297.0
2026-01-14,55.654452136650235,55.856994608177736,57.233671636244814,54.8637025994032,485389.0
2026-01-15,55.5864547196236,55.54603426604467,55.75221749455374,55.186909558831616,2007321.0
2026-01-16,55.56010400676851,55.4135923645015,56.022165319003264,55.010064137730666,1538534.0
2026-01-19,54.319996682734704,55.99262852220713,56.8111401559821,53.89668953290751,4780268.0
2026-01-20,53.45313729509297,54.42890970571878,54.760385154130596,53.40489568670068,3219888.0
2026-01-21,51.906306853695924,53.435112129093625,53.679736071079155,51.47894796591789,2768717.0
2026-01-22,51.11152714891815,51.81741022518825,52.16347157731262,50.665633426399005,2690691.0
2026-01-23,49.79662773823794,50.86685468575355,51.12880976640806,49.65529368439481,1542931.0
2026-01-26,49.63914132638401,49.883523670938715,50.26305103860402,49.54803331634257,4560273.0
2026-01-27,48.410855586491195,49.52162639826038,49.66084170969468,47.077615582473236,2054642.0
2026-01-28,47.48650306604397,48.22597330974268,48.306059652099734,47.29903278345108,518660.0
2026-01-29,46.51475095269466,47.01911396829223,47.06491620970554,46.210884268876356,4542729.0
2026-01-30,45.13058702455455,46.703583049135524,46.85649788414361,44.95562743091769,4381371.0
2026-02-02,43.813487581883834,45.061539342578804,45.46499492495556,43.565925365481306,1127528.0
2026-02-03,43.04486726210308,43.763770502854406,43.882409520231136,42.55715723835482,1190721.0
2026-02-04,42.230565940319515,42.849556164808284,43.609860252363724,41.92956574633037,4021406.0
2026-02-05,41.466631621923916,42.30461056933353,42.647941982087985,41.09270259254789,372085.0
2026-02-06,40.40472329571124,41.21021875202374,41.50883858161092,40.04481635862611,2080832.0
2026-02-09,39.347102306320444,40.86691775645702,41.111813613527666,39.26227982460697,4128930.0
2026-02-10,39.20447757638315,39.40796526637374,39.67762611760726,38.722590171239574,3703210.0
2026-02-11,39.37457371409597,39.45282937022062,39.748011590436306,38.92780985236957,3482556.0
2026-02-12,39.45546545388665,39.60544931184954,39.65542721590341,39.06916023140979,627587.0
2026-02-13,39.73395530560695,39.104098296342336,39.86899944290317,38.79352054615132,244779.0
2026-02-16,39.65389287351946,39.75102311061161,39.95755331734198,39.33638023612699,329714.0
2026-02-17,39.830091967169764,39.544292674936926,40.58733247181284,39.3556254081122,4686342.0
2026-02-18,40.058392606939876,39.996453251155785,40.10407744785659,39.79023984684054,295595.0
2026-02-19,40.13891199185416,40.3292432667905,40.73532966596095,39.31361249195315,4292955.0
2026-02-20,39.7759439255084,40.04453493644518,40.534487839841944,39.17566332383848,2278591.0
2026-02-23,39.70581156279433,39.67307027224125,40.22216372919852,39.62300619020346,2483159.0
2026-02-24,39.74819734392082,40.115538011658664,40.5553607003444,39.704812741779534,4661063.0
2026-02-25,40.07473051497576,39.97673956048398,40.12094127215899,39.96777002969654,2650147.0
2026-02-26,39.75798991340487,39.70616276876042,40.040265610079906,39.686786036063886,1207814.0
2026-02-27,39.55478909611487,39.74523584746641,39.88806413252873,39.3080002111446,2037753.0
2026-03-02,39.569643158634946,39.63793614491755,40.12842110880608,39.53345438846521,317920.0
2026-03-03,39.472243524276614,39.72274581095058,39.77035521694908,39.021701831143474,1459686.0
2026-03-04,39.24622197262309,39.320557201916834,39.60145548603526,39.22531151272493,4063815.0
2026-03-05,39.39354578931997,39.29712533681602,40.12265692083237,39.00163429135819,1441097.0
2026-03-06,39.36566792114053,39.30176953803981,39.705315912647116,39.19583544226267,3732382.0
2026-03-09,39.24260545456414,39.09855178823924,39.51006359548372,38.74129129869555,1526820.0
2026-03-10,39.12864084170564,39.09780263788904,39.22607181666148,39.021191955302584,707762.0
2026-03-11,39.199268261580215,39.03453028479677,39.502030011574355,38.90694725886687,3051092.0
2026-03-12,39.121657995525595,39.20150953339847,39.33817313497227,38.87999465408334,3805620.0
2026-03-13,38.95033513439045,39.11546421163668,39.523337625678266,38.889515700046985,1206969.0
2026-03-16,38.99437861483379,38.80584804684392,39.1046330447026,38.63692462398331,1074937.0
2026-03-17,39.14477886590113,39.129065959702274,39.53582252949124,38.6665970062805,3846472.0
2026-03-18,39.16934913666427,39.24366065690497,39.30519014559343,39.07756757285795,2957689.0
2026-03-19,39.15753231066061,39.206598936767385,39.32919995930748,39.066956635696144,3832726.0
2026-03-20,39.08822806612074,39.22721984353172,39.29797623925963,39.05568971346191,594370.0
2026-03-23,38.93328617330432,38.63156809687616,39.03937819752697,38.13210388457918,119452.0
2026-03-24,38.58760118473352,39.184648743231335,39.39196364247171,38.39756144229524,3559014.0
2026-03-25,38.4914770899676,38.79255037764112,38.90820913675964,38.470766864947436,361417.0
2026-03-26,38.18638027656051,38.43417185401975,38.520146254373415,37.90287929747648,4312187.0
2026-03-27,38.050310733205244,38.13623279228379,38.228311181351685,38.02722383919921,2346695.0
2026-03-30,38.25631481597346,37.91819105079596,38.31828899355485,37.40298267037574,738553.0
2026-03-31,38.36063323086151,38.54227546425237,39.00005642176378,38.110061550867584,1095001.0
2026-04-01,38.176595051986276,38.24693411249867,38.52113355719915,37.622715541961455,2328305.0
2026-04-02,38.16774444271283,38.003545923753826,38.38675076463726,37.91360369144775,4170150.0
2026-04-03,38.21432454206296,38.02075400576292,38.71994143006427,37.61086393074787,2508146.0
2026-04-06,38.222203354947354,38.23987104829911,38.620887420185355,37.81170348318446,4054323.0
2026-04-07,38.39217220423691,38.09271477759917,38.71554639427239,37.88601617742313,2277948.0
2026-04-08,38.5080247765538,38.14684952442898,38.574279762898925,38.1451355551242,698722.0
2026-04-09,38.23392909465155,38.29378900822922,38.461508317415905,37.609232919044565,4014505.0
2026-04-10,38.3078603574575,38.58883501117995,39.432116031737884,37.56991706657015,1000849.0
2026-04-13,38.02578829841275,38.42666866356827,38.825248689325036,37.91262253557852,4419226.0
2026-04-14,38.22045796061662,38.32054363307613,38.571560591796384,38.069452554787105,4225950.0
2026-04-15,38.43850191551803,38.149800485119925,38.598153004440086,37.801170901180484,1089035.0
2026-04-16,38.76081039993113,38.593473520280185,39.018540049917114,38.141732695907145,2000809.0
2026-04-17,38.767522401166694,38.799899657575736,39.03426262774378,38.653321964180094,4956443.0
2026-04-20,38.62653293669954,38.62073386685471,38.7217821594474,38.4695122764679,3593275.0
2026-04-21,38.65011116411905,38.65031540870555,39.35447878157471,38.55772915865053,556884.0
2026-04-22,38.695908359151815,38.93316267865718,39.16715934922005,38.241937053177764,3358063.0
2026-04-23,39.02213329151036,38.820342398122364,39.02867671419433,38.62951544832761,897028.0
2026-04-24,39.19535119001143,39.29965691434471,39.824117100362436,38.801775362986874,1866066.0
2026-04-27,39.05421744288644,38.598632015862904,39.24975477603529,38.51959875465081,4915279.0
2026-04-28,39.08845112993384,39.17854838020585,39.457594199611606,39.04042269828325,3691960.0
2026-04-29,39.21108084172156,39.41504070494396,39.6318626711863,39.11396596848191,3549526.0
2026-04-30,39.31070962968964,38.87392946879561,39.34122389658712,38.00188732963455,1533495.0
2026-05-01,39.251104237409045,39.454704175738534,39.62104438992055,39.02313911348439,4300571.0
2026-05-04,39.23382345771533,39.28608586435351,39.66437259857084,39.07538055958963,755179.0
2026-05-05,39.15778545661053,38.77060759034314,39.1695147690822,38.57216729552794,2872367.0
2026-05-06,39.31482228889348,39.23676976144548,39.43178638497552,38.74758027084653,480852.0
2026-05-07,39.40958960222792,39.38824215656634,39.60981154420945,39.214411655885584,1504875.0
2026-05-08,39.64128863117282,38.96340258970309,39.70692926184136,38.82134247786436,1557238.0
2026-05-11,39.77057469794125,39.12667905208819,40.116054196132,38.14527116801183,4834418.0
2026-05-12,39.84116002154152,39.8193126435176,40.139184523344895,39.779322100586576,1517623.0
2026-05-13,39.786189759353135,40.09903811843222,40.26005552650076,39.34120337275291,3023800.0
2026-05-14,39.56693676291071,39.877398040412054,40.04125278516103,39.517809632650405,1274450.0
2026-05-15,39.61186924310999,39.60241172687097,39.75019197648875,39.382167036074875,2489783.0
2026-05-18,39.53481787462305,39.08716825534928,39.80622549696212,39.02067273548891,2379639.0
2026-05-19,39.387459748610574,39.53475692461793,39.74861146121385,39.162641525677664,2502723.0
2026-05-20,39.47702614724463,39.38216533509233,40.206524079063435,39.27805096275698,3660714.0
2026-05-21,39.67910480575544,39.38117705253302,39.891509641235494,39.200130965541355,1963136.0
2026-05-22,39.470036087558015,39.6681508531158,40.087987577674006,39.402932996280704,2978370.0
2026-05-25,39.62936260295445,39.24106597466945,39.770969660317114,39.12128720110602,2254136.0
2026-05-26,39.56912733644314,39.547201276203964,39.83513907219845,39.343292511620476,4046771.0
2026-05-27,39.46019229413787,39.384160173625204,39.46963157111213,39.37231107162383,3456224.0
2026-05-28,39.507147187053675,39.655199009977224,39.717915152473346,38.99144551073552,3491791.0
2026-05-29,39.671100356296485,39.532763928198825,39.74693067153689,39.46397207610547,845632.0
2026-06-01,39.50266475158659,39.96362858619765,40.16843106475185,39.48952904084601,3131399.0
